Path,Top-Level Folder,Parent Folder,Depth,Filename,Type,Size (KB)
"CAPA, NCMR, PCF Logs/CAPA 001-2025/(CAPA001) NCR-25-079 SLQ-211610SPT Phase 1 - signed.pdf","CAPA, NCMR, PCF Logs","CAPA, NCMR, PCF Logs/CAPA 001-2025",1,(CAPA001) NCR-25-079 SLQ-211610SPT Phase 1 - signed.pdf,PDF,314
"CAPA, NCMR, PCF Logs/CAPA 001-2025/(CAPA001) NCR-25-079 SLQ-211610SPT Phase 2,3- signed.pdf","CAPA, NCMR, PCF Logs","CAPA, NCMR, PCF Logs/CAPA 001-2025",1,"(CAPA001) NCR-25-079 SLQ-211610SPT Phase 2,3- signed.pdf",PDF,2067
"CAPA, NCMR, PCF Logs/CAPA 001-2025/CAPA 001-2025.docx","CAPA, NCMR, PCF Logs","CAPA, NCMR, PCF Logs/CAPA 001-2025",1,CAPA 001-2025.docx,Word,610
"CAPA, NCMR, PCF Logs/CAPA 001-2025/CAPA 001-2025.pdf","CAPA, NCMR, PCF Logs","CAPA, NCMR, PCF Logs/CAPA 001-2025",1,CAPA 001-2025.pdf,PDF,878
"CAPA, NCMR, PCF Logs/CAPA 001-2025/SLQ-6000_B - Catheter, 14 Fr x 10 mL, Silicone, NY Foley, 2-Way.pdf","CAPA, NCMR, PCF Logs","CAPA, NCMR, PCF Logs/CAPA 001-2025",1,"SLQ-6000_B - Catheter, 14 Fr x 10 mL, Silicone, NY Foley, 2-Way.pdf",PDF,97
"CAPA, NCMR, PCF Logs/CAPA 001-2025/SLQ-6002_B - Catheter, 18 Fr x 10 mL, Silicone, NY Foley, 2-Way.pdf","CAPA, NCMR, PCF Logs","CAPA, NCMR, PCF Logs/CAPA 001-2025",1,"SLQ-6002_B - Catheter, 18 Fr x 10 mL, Silicone, NY Foley, 2-Way.pdf",PDF,116
"CAPA, NCMR, PCF Logs/CAPA 001-2025/SLQ-6004_B-Catheter, 16 Fr x 10 mL, Silicone, NY Foley, 2-Way.pdf","CAPA, NCMR, PCF Logs","CAPA, NCMR, PCF Logs/CAPA 001-2025",1,"SLQ-6004_B-Catheter, 16 Fr x 10 mL, Silicone, NY Foley, 2-Way.pdf",PDF,100
"CAPA, NCMR, PCF Logs/NCMR-0001.pdf","CAPA, NCMR, PCF Logs","CAPA, NCMR, PCF Logs",0,NCMR-0001.pdf,PDF,14624
"CAPA, NCMR, PCF Logs/Silq CAPA Log.pdf","CAPA, NCMR, PCF Logs","CAPA, NCMR, PCF Logs",0,Silq CAPA Log.pdf,PDF,283
"CAPA, NCMR, PCF Logs/Silq Complaints and Reportable Events Log.pdf","CAPA, NCMR, PCF Logs","CAPA, NCMR, PCF Logs",0,Silq Complaints and Reportable Events Log.pdf,PDF,369
Chico Facility Referenced Docs/MP-C.SLQ001 B Manufacturing Procedure. Suspension Processing.docx,Chico Facility Referenced Docs,Chico Facility Referenced Docs,0,MP-C.SLQ001 B Manufacturing Procedure. Suspension Processing.docx,Word,16313
"Chico Facility Referenced Docs/OM.SLQ001 A Operations Manufacturing Procedure, Fume Hood.docx",Chico Facility Referenced Docs,Chico Facility Referenced Docs,0,"OM.SLQ001 A Operations Manufacturing Procedure, Fume Hood.docx",Word,152
Chico Facility Referenced Docs/QM.SLQ046 A Shipping SOP.docx,Chico Facility Referenced Docs,Chico Facility Referenced Docs,0,QM.SLQ046 A Shipping SOP.docx,Word,156
Chico Facility Referenced Docs/QM.SLQ051 A Environmental Monitoring.docx,Chico Facility Referenced Docs,Chico Facility Referenced Docs,0,QM.SLQ051 A Environmental Monitoring.docx,Word,158
"Chico Facility Referenced Docs/SP-L.SLQ005 A Specification, Artwork, Label, Suspension.docx",Chico Facility Referenced Docs,Chico Facility Referenced Docs,0,"SP-L.SLQ005 A Specification, Artwork, Label, Suspension.docx",Word,286
"Chico Facility Referenced Docs/V&V Protocols & Reports/VV.SLQ010 A Master Validation Plan, Suspension.docx",Chico Facility Referenced Docs,Chico Facility Referenced Docs/V&V Protocols & Reports,1,"VV.SLQ010 A Master Validation Plan, Suspension.docx",Word,329
"Chico Facility Referenced Docs/V&V Protocols & Reports/VV.SLQ011 A Installation Qualification Protocol, Diafiltration System.docx",Chico Facility Referenced Docs,Chico Facility Referenced Docs/V&V Protocols & Reports,1,"VV.SLQ011 A Installation Qualification Protocol, Diafiltration System.docx",Word,332
"Chico Facility Referenced Docs/V&V Protocols & Reports/VV.SLQ012 A Installation Qualification Protocol, Peristaltic Pump.docx",Chico Facility Referenced Docs,Chico Facility Referenced Docs/V&V Protocols & Reports,1,"VV.SLQ012 A Installation Qualification Protocol, Peristaltic Pump.docx",Word,332
"Chico Facility Referenced Docs/V&V Protocols & Reports/VV.SLQ013 A Installation Qualification Protocol, Pneumatic Drum Stirrer.docx",Chico Facility Referenced Docs,Chico Facility Referenced Docs/V&V Protocols & Reports,1,"VV.SLQ013 A Installation Qualification Protocol, Pneumatic Drum Stirrer.docx",Word,331
"Chico Facility Referenced Docs/V&V Protocols & Reports/VV.SLQ014 A Installation Qualification Protocol, Waste Diaphragm Pump.docx",Chico Facility Referenced Docs,Chico Facility Referenced Docs/V&V Protocols & Reports,1,"VV.SLQ014 A Installation Qualification Protocol, Waste Diaphragm Pump.docx",Word,332
"Chico Facility Referenced Docs/V&V Protocols & Reports/VV.SLQ015 A Installation Qualification Protocol, Floor Scale, Concentrate Reactor.docx",Chico Facility Referenced Docs,Chico Facility Referenced Docs/V&V Protocols & Reports,1,"VV.SLQ015 A Installation Qualification Protocol, Floor Scale, Concentrate Reactor.docx",Word,332
"Chico Facility Referenced Docs/V&V Protocols & Reports/VV.SLQ016 A Installation Qualification Protocol, Floor Scale, Suspension.docx",Chico Facility Referenced Docs,Chico Facility Referenced Docs/V&V Protocols & Reports,1,"VV.SLQ016 A Installation Qualification Protocol, Floor Scale, Suspension.docx",Word,332
"Chico Facility Referenced Docs/V&V Protocols & Reports/VV.SLQ017 A Installation Qualification Protocol, Weighing Scale.docx",Chico Facility Referenced Docs,Chico Facility Referenced Docs/V&V Protocols & Reports,1,"VV.SLQ017 A Installation Qualification Protocol, Weighing Scale.docx",Word,332
"Chico Facility Referenced Docs/V&V Protocols & Reports/VV.SLQ019 A Report, Installation Qualification, Diafiltration System, ST-005.docx",Chico Facility Referenced Docs,Chico Facility Referenced Docs/V&V Protocols & Reports,1,"VV.SLQ019 A Report, Installation Qualification, Diafiltration System, ST-005.docx",Word,324
"Chico Facility Referenced Docs/V&V Protocols & Reports/VV.SLQ020 A Report, Installation Qualification, Peristaltic Pump, ST-008.docx",Chico Facility Referenced Docs,Chico Facility Referenced Docs/V&V Protocols & Reports,1,"VV.SLQ020 A Report, Installation Qualification, Peristaltic Pump, ST-008.docx",Word,321
"Chico Facility Referenced Docs/V&V Protocols & Reports/VV.SLQ021 A Report, Installation Qualification, Pnuematic Drum Stirrer, ST-009.docx",Chico Facility Referenced Docs,Chico Facility Referenced Docs/V&V Protocols & Reports,1,"VV.SLQ021 A Report, Installation Qualification, Pnuematic Drum Stirrer, ST-009.docx",Word,321
"Chico Facility Referenced Docs/V&V Protocols & Reports/VV.SLQ022 A Report, Installation Qualification, Waste Diaphragm Pump, ST-004.docx",Chico Facility Referenced Docs,Chico Facility Referenced Docs/V&V Protocols & Reports,1,"VV.SLQ022 A Report, Installation Qualification, Waste Diaphragm Pump, ST-004.docx",Word,322
"Chico Facility Referenced Docs/V&V Protocols & Reports/VV.SLQ023 A Report, Installation Qualification, Floor Scale, Concentrate Reactor, ST-006.docx",Chico Facility Referenced Docs,Chico Facility Referenced Docs/V&V Protocols & Reports,1,"VV.SLQ023 A Report, Installation Qualification, Floor Scale, Concentrate Reactor, ST-006.docx",Word,322
"Chico Facility Referenced Docs/V&V Protocols & Reports/VV.SLQ024 A Report, Installation Qualification, Floor Scale, Suspension, ST-007.docx",Chico Facility Referenced Docs,Chico Facility Referenced Docs/V&V Protocols & Reports,1,"VV.SLQ024 A Report, Installation Qualification, Floor Scale, Suspension, ST-007.docx",Word,322
DC.SLQ001 (In Process)/DC.SLQ001 A Design Project Plan.docx,DC.SLQ001 (In Process),DC.SLQ001 (In Process),0,DC.SLQ001 A Design Project Plan.docx,Word,262
DC.SLQ001 (In Process)/DCO089.docx,DC.SLQ001 (In Process),DC.SLQ001 (In Process),0,DCO089.docx,Word,263
DC.SLQ001 (In Process)/FM1-QM.SLQ004 A Design Project Scope Form DC.SLQ001.docx,DC.SLQ001 (In Process),DC.SLQ001 (In Process),0,FM1-QM.SLQ004 A Design Project Scope Form DC.SLQ001.docx,Word,275
DC.SLQ001 (In Process)/Risk Management Review Confirmation Memo — DC.SLQ001.docx,DC.SLQ001 (In Process),DC.SLQ001 (In Process),0,Risk Management Review Confirmation Memo — DC.SLQ001.docx,Word,265
DC.SLQ001 (In Process)/TMP2-QM.SLQ007 A Design Input Output Matrix Template DC.SLQ001.docx,DC.SLQ001 (In Process),DC.SLQ001 (In Process),0,TMP2-QM.SLQ007 A Design Input Output Matrix Template DC.SLQ001.docx,Word,256
"DC.SLQ002 (In Process)/DC.SLQ002 A Design Project Plan, SilqQMS EDMS Transition.docx",DC.SLQ002 (In Process),DC.SLQ002 (In Process),0,"DC.SLQ002 A Design Project Plan, SilqQMS EDMS Transition.docx",Word,261
DC.SLQ002 (In Process)/Executed Design Project Scope Form DC.SLQ002 BM_CT signed.pdf,DC.SLQ002 (In Process),DC.SLQ002 (In Process),0,Executed Design Project Scope Form DC.SLQ002 BM_CT signed.pdf,PDF,788
DCOs/DCO Forms/DCO001.docx,DCOs,DCOs/DCO Forms,1,DCO001.docx,Word,69
DCOs/DCO Forms/DCO002.docx,DCOs,DCOs/DCO Forms,1,DCO002.docx,Word,73
DCOs/DCO Forms/DCO003.docx,DCOs,DCOs/DCO Forms,1,DCO003.docx,Word,72
DCOs/DCO Forms/DCO004.docx,DCOs,DCOs/DCO Forms,1,DCO004.docx,Word,72
DCOs/DCO Forms/DCO005.docx,DCOs,DCOs/DCO Forms,1,DCO005.docx,Word,65
DCOs/DCO Forms/DCO006.docx,DCOs,DCOs/DCO Forms,1,DCO006.docx,Word,68
DCOs/DCO Forms/DCO007.docx,DCOs,DCOs/DCO Forms,1,DCO007.docx,Word,82
DCOs/DCO Forms/DCO008.docx,DCOs,DCOs/DCO Forms,1,DCO008.docx,Word,259
DCOs/DCO Forms/DCO009.docx,DCOs,DCOs/DCO Forms,1,DCO009.docx,Word,263
DCOs/DCO Forms/DCO010.docx,DCOs,DCOs/DCO Forms,1,DCO010.docx,Word,260
DCOs/DCO Forms/DCO011.docx,DCOs,DCOs/DCO Forms,1,DCO011.docx,Word,260
DCOs/DCO Forms/DCO012.docx,DCOs,DCOs/DCO Forms,1,DCO012.docx,Word,260
DCOs/DCO Forms/DCO013.docx,DCOs,DCOs/DCO Forms,1,DCO013.docx,Word,264
DCOs/DCO Forms/DCO014.docx,DCOs,DCOs/DCO Forms,1,DCO014.docx,Word,262
DCOs/DCO Forms/DCO015.docx,DCOs,DCOs/DCO Forms,1,DCO015.docx,Word,260
DCOs/DCO Forms/DCO016.docx,DCOs,DCOs/DCO Forms,1,DCO016.docx,Word,261
DCOs/DCO Forms/DCO017.docx,DCOs,DCOs/DCO Forms,1,DCO017.docx,Word,260
DCOs/DCO Forms/DCO018.docx,DCOs,DCOs/DCO Forms,1,DCO018.docx,Word,260
DCOs/DCO Forms/DCO019.docx,DCOs,DCOs/DCO Forms,1,DCO019.docx,Word,260
DCOs/DCO Forms/DCO020.docx,DCOs,DCOs/DCO Forms,1,DCO020.docx,Word,260
DCOs/DCO Forms/DCO021.docx,DCOs,DCOs/DCO Forms,1,DCO021.docx,Word,260
DCOs/DCO Forms/DCO022.docx,DCOs,DCOs/DCO Forms,1,DCO022.docx,Word,260
DCOs/DCO Forms/DCO023.docx,DCOs,DCOs/DCO Forms,1,DCO023.docx,Word,261
DCOs/DCO Forms/DCO024.docx,DCOs,DCOs/DCO Forms,1,DCO024.docx,Word,260
DCOs/DCO Forms/DCO025.docx,DCOs,DCOs/DCO Forms,1,DCO025.docx,Word,262
DCOs/DCO Forms/DCO026.docx,DCOs,DCOs/DCO Forms,1,DCO026.docx,Word,262
DCOs/DCO Forms/DCO027.docx,DCOs,DCOs/DCO Forms,1,DCO027.docx,Word,263
DCOs/DCO Forms/DCO028.docx,DCOs,DCOs/DCO Forms,1,DCO028.docx,Word,260
DCOs/DCO Forms/DCO029.docx,DCOs,DCOs/DCO Forms,1,DCO029.docx,Word,260
DCOs/DCO Forms/DCO030.docx,DCOs,DCOs/DCO Forms,1,DCO030.docx,Word,260
DCOs/DCO Forms/DCO031.docx,DCOs,DCOs/DCO Forms,1,DCO031.docx,Word,260
DCOs/DCO Forms/DCO032.docx,DCOs,DCOs/DCO Forms,1,DCO032.docx,Word,262
DCOs/DCO Forms/DCO033.docx,DCOs,DCOs/DCO Forms,1,DCO033.docx,Word,262
DCOs/DCO Forms/DCO034.docx,DCOs,DCOs/DCO Forms,1,DCO034.docx,Word,262
DCOs/DCO Forms/DCO035.docx,DCOs,DCOs/DCO Forms,1,DCO035.docx,Word,261
DCOs/DCO Forms/DCO036.docx,DCOs,DCOs/DCO Forms,1,DCO036.docx,Word,260
DCOs/DCO Forms/DCO037.docx,DCOs,DCOs/DCO Forms,1,DCO037.docx,Word,260
DCOs/DCO Forms/DCO038.docx,DCOs,DCOs/DCO Forms,1,DCO038.docx,Word,261
DCOs/DCO Forms/DCO039.docx,DCOs,DCOs/DCO Forms,1,DCO039.docx,Word,262
DCOs/DCO Forms/DCO040.docx,DCOs,DCOs/DCO Forms,1,DCO040.docx,Word,260
DCOs/DCO Forms/DCO041.docx,DCOs,DCOs/DCO Forms,1,DCO041.docx,Word,260
DCOs/DCO Forms/DCO042A.docx,DCOs,DCOs/DCO Forms,1,DCO042A.docx,Word,260
DCOs/DCO Forms/DCO043A.docx,DCOs,DCOs/DCO Forms,1,DCO043A.docx,Word,261
DCOs/DCO Forms/DCO044.docx,DCOs,DCOs/DCO Forms,1,DCO044.docx,Word,260
DCOs/DCO Forms/DCO045.docx,DCOs,DCOs/DCO Forms,1,DCO045.docx,Word,260
DCOs/DCO Forms/DCO046.docx,DCOs,DCOs/DCO Forms,1,DCO046.docx,Word,260
DCOs/DCO Forms/DCO046A.docx,DCOs,DCOs/DCO Forms,1,DCO046A.docx,Word,260
DCOs/DCO Forms/DCO047.docx,DCOs,DCOs/DCO Forms,1,DCO047.docx,Word,260
DCOs/DCO Forms/DCO048.docx,DCOs,DCOs/DCO Forms,1,DCO048.docx,Word,260
DCOs/DCO Forms/DCO049.docx,DCOs,DCOs/DCO Forms,1,DCO049.docx,Word,260
DCOs/DCO Forms/DCO050.docx,DCOs,DCOs/DCO Forms,1,DCO050.docx,Word,260
DCOs/DCO Forms/DCO051.docx,DCOs,DCOs/DCO Forms,1,DCO051.docx,Word,262
DCOs/DCO Forms/DCO052.docx,DCOs,DCOs/DCO Forms,1,DCO052.docx,Word,262
DCOs/DCO Forms/DCO053B.docx,DCOs,DCOs/DCO Forms,1,DCO053B.docx,Word,263
DCOs/DCO Forms/DCO054.docx,DCOs,DCOs/DCO Forms,1,DCO054.docx,Word,261
DCOs/DCO Forms/DCO055.docx,DCOs,DCOs/DCO Forms,1,DCO055.docx,Word,260
DCOs/DCO Forms/DCO056.docx,DCOs,DCOs/DCO Forms,1,DCO056.docx,Word,260
DCOs/DCO Forms/DCO057.docx,DCOs,DCOs/DCO Forms,1,DCO057.docx,Word,260
DCOs/DCO Forms/DCO058.docx,DCOs,DCOs/DCO Forms,1,DCO058.docx,Word,261
DCOs/DCO Forms/DCO059.docx,DCOs,DCOs/DCO Forms,1,DCO059.docx,Word,262
DCOs/DCO Forms/DCO060.docx,DCOs,DCOs/DCO Forms,1,DCO060.docx,Word,260
DCOs/DCO Forms/DCO061.docx,DCOs,DCOs/DCO Forms,1,DCO061.docx,Word,261
DCOs/DCO Forms/DCO062.docx,DCOs,DCOs/DCO Forms,1,DCO062.docx,Word,261
DCOs/DCO Forms/DCO063A.docx,DCOs,DCOs/DCO Forms,1,DCO063A.docx,Word,261
DCOs/DCO Forms/DCO064.docx,DCOs,DCOs/DCO Forms,1,DCO064.docx,Word,261
DCOs/DCO Forms/DCO065.docx,DCOs,DCOs/DCO Forms,1,DCO065.docx,Word,262
DCOs/DCO Forms/DCO066.docx,DCOs,DCOs/DCO Forms,1,DCO066.docx,Word,261
DCOs/DCO Forms/DCO067.docx,DCOs,DCOs/DCO Forms,1,DCO067.docx,Word,261
DCOs/DCO Forms/DCO068.docx,DCOs,DCOs/DCO Forms,1,DCO068.docx,Word,261
DCOs/DCO Forms/DCO069.docx,DCOs,DCOs/DCO Forms,1,DCO069.docx,Word,261
DCOs/DCO Forms/DCO070.docx,DCOs,DCOs/DCO Forms,1,DCO070.docx,Word,265
DCOs/DCO Forms/DCO071.docx,DCOs,DCOs/DCO Forms,1,DCO071.docx,Word,261
DCOs/DCO Forms/DCO072.docx,DCOs,DCOs/DCO Forms,1,DCO072.docx,Word,261
DCOs/DCO Forms/DCO073.docx,DCOs,DCOs/DCO Forms,1,DCO073.docx,Word,261
DCOs/DCO Forms/DCO074.docx,DCOs,DCOs/DCO Forms,1,DCO074.docx,Word,261
DCOs/DCO Forms/DCO075.docx,DCOs,DCOs/DCO Forms,1,DCO075.docx,Word,261
DCOs/DCO Forms/DCO076.docx,DCOs,DCOs/DCO Forms,1,DCO076.docx,Word,261
DCOs/DCO Forms/DCO077B (2).docx,DCOs,DCOs/DCO Forms,1,DCO077B (2).docx,Word,261
DCOs/DCO Forms/DCO077B.docx,DCOs,DCOs/DCO Forms,1,DCO077B.docx,Word,261
DCOs/DCO Forms/DCO078.docx,DCOs,DCOs/DCO Forms,1,DCO078.docx,Word,261
DCOs/DCO Forms/DCO079.docx,DCOs,DCOs/DCO Forms,1,DCO079.docx,Word,261
DCOs/DCO Forms/DCO080.docx,DCOs,DCOs/DCO Forms,1,DCO080.docx,Word,261
DCOs/DCO Forms/DCO081.docx,DCOs,DCOs/DCO Forms,1,DCO081.docx,Word,261
DCOs/DCO Forms/DCO082.docx,DCOs,DCOs/DCO Forms,1,DCO082.docx,Word,261
DCOs/DCO Forms/DCO083.docx,DCOs,DCOs/DCO Forms,1,DCO083.docx,Word,261
DCOs/DCO Forms/DCO084.docx,DCOs,DCOs/DCO Forms,1,DCO084.docx,Word,263
DCOs/DCO Forms/DCO085.docx,DCOs,DCOs/DCO Forms,1,DCO085.docx,Word,264
DCOs/DCO Forms/DCO086.docx,DCOs,DCOs/DCO Forms,1,DCO086.docx,Word,262
DCOs/DCO Forms/DCO087.docx,DCOs,DCOs/DCO Forms,1,DCO087.docx,Word,263
DCOs/DCO Forms/DCO088.docx,DCOs,DCOs/DCO Forms,1,DCO088.docx,Word,263
DCOs/DCO Forms/DCO089.docx,DCOs,DCOs/DCO Forms,1,DCO089.docx,Word,264
DCOs/Silq DCO Log.pdf,DCOs,DCOs,0,Silq DCO Log.pdf,PDF,349
DCOs/Silq Document Number Log.pdf,DCOs,DCOs,0,Silq Document Number Log.pdf,PDF,718
"DHF Validations/Software/Attachment 1 - Software Verification Test Summary, FileHold Version 16.3.pdf",DHF Validations,DHF Validations/Software,1,"Attachment 1 - Software Verification Test Summary, FileHold Version 16.3.pdf",PDF,208
"DHF Validations/Software/Attachment 2 - FileHold Verification Test, FileHold Version 16.3, 28Mar2022.pdf",DHF Validations,DHF Validations/Software,1,"Attachment 2 - FileHold Verification Test, FileHold Version 16.3, 28Mar2022.pdf",PDF,36896
"DHF Validations/Software/DC.SLQ002 A Design Project Plan, SilqQMS EDMS Transition.docx",DHF Validations,DHF Validations/Software,1,"DC.SLQ002 A Design Project Plan, SilqQMS EDMS Transition.docx",Word,261
DHF Validations/Software/Executed Design Project Scope Form DC.SLQ002 BM_CT signed.pdf,DHF Validations,DHF Validations/Software,1,Executed Design Project Scope Form DC.SLQ002 BM_CT signed.pdf,PDF,788
DHF Validations/Software/FM1-QM.SLQ004 A Design Project Scope Form DC.SLQ002.docx,DHF Validations,DHF Validations/Software,1,FM1-QM.SLQ004 A Design Project Scope Form DC.SLQ002.docx,Word,254
DHF Validations/Software/SilqQMSTransitionPlanV1.docx,DHF Validations,DHF Validations/Software,1,SilqQMSTransitionPlanV1.docx,Word,258
"DHF Validations/Software/SW.SLQ001 A Software Validation Plan, FileHold.docx",DHF Validations,DHF Validations/Software,1,"SW.SLQ001 A Software Validation Plan, FileHold.docx",Word,322
"DHF Validations/Software/SW.SLQ002 A Product Requirements Specification, FileHold.docx",DHF Validations,DHF Validations/Software,1,"SW.SLQ002 A Product Requirements Specification, FileHold.docx",Word,327
"DHF Validations/Software/SW.SLQ003 A Software Verification Test Plan, FileHold.docx",DHF Validations,DHF Validations/Software,1,"SW.SLQ003 A Software Verification Test Plan, FileHold.docx",Word,324
DHF Validations/Software/SW.SLQ004 A Software Verification Test Procedure FileHold.docx,DHF Validations,DHF Validations/Software,1,SW.SLQ004 A Software Verification Test Procedure FileHold.docx,Word,322
"DHF Validations/Software/SW.SLQ005 A Software Validation Report, FileHold.docx",DHF Validations,DHF Validations/Software,1,"SW.SLQ005 A Software Validation Report, FileHold.docx",Word,320
"DHF Validations/Software/SW.SLQ006 A Requirements Traceability Matrix, FileHold.docx",DHF Validations,DHF Validations/Software,1,"SW.SLQ006 A Requirements Traceability Matrix, FileHold.docx",Word,330
"DHF Validations/Software/SW.SLQ007 A Software Validation Plan, SilqQMS.docx",DHF Validations,DHF Validations/Software,1,"SW.SLQ007 A Software Validation Plan, SilqQMS.docx",Word,325
DHF Validations/Software/SW.SLQ008 A Product Requirements Specification^J SilqQMS.docx,DHF Validations,DHF Validations/Software,1,SW.SLQ008 A Product Requirements Specification^J SilqQMS.docx,Word,330
"DHF Validations/Software/SW.SLQ009 A Software Verification Test Plan, SIlqQMS.docx",DHF Validations,DHF Validations/Software,1,"SW.SLQ009 A Software Verification Test Plan, SIlqQMS.docx",Word,330
"DHF Validations/VV.SLQ001 A Test Report, In-Vitro Bacterial Adhesion Comparative Study.docx",DHF Validations,DHF Validations,0,"VV.SLQ001 A Test Report, In-Vitro Bacterial Adhesion Comparative Study.docx",Word,348
"DHF Validations/VV.SLQ002 A Test Protocol, Crystal Violet Absorbance, Silq Surface Treatment.docx",DHF Validations,DHF Validations,0,"VV.SLQ002 A Test Protocol, Crystal Violet Absorbance, Silq Surface Treatment.docx",Word,323
"DHF Validations/VV.SLQ003 A Test Protocol, Coating Adherence Verification, Silq Surface Treatment.docx",DHF Validations,DHF Validations,0,"VV.SLQ003 A Test Protocol, Coating Adherence Verification, Silq Surface Treatment.docx",Word,322
"DHF Validations/VV.SLQ004 A Test Protocol, Lubricity Durability Study, Silq Surface Treatment.docx",DHF Validations,DHF Validations,0,"VV.SLQ004 A Test Protocol, Lubricity Durability Study, Silq Surface Treatment.docx",Word,507
"DHF Validations/VV.SLQ005 A Test Report, Crystal Violet Absorbance, Silq Surface Treatment.docx",DHF Validations,DHF Validations,0,"VV.SLQ005 A Test Report, Crystal Violet Absorbance, Silq Surface Treatment.docx",Word,325
"DHF Validations/VV.SLQ006 A Test Report, Coating Adherence Verification, Silq Surface Treatment.docx",DHF Validations,DHF Validations,0,"VV.SLQ006 A Test Report, Coating Adherence Verification, Silq Surface Treatment.docx",Word,323
"DHF Validations/VV.SLQ007 A Attachment 1 Test Report, Lubricity Durability Study, Silq Surface Treatment.xlsx",DHF Validations,DHF Validations,0,"VV.SLQ007 A Attachment 1 Test Report, Lubricity Durability Study, Silq Surface Treatment.xlsx",Excel,13
"DHF Validations/VV.SLQ007 A Test Report, Lubricity Durability Study, Silq Surface Treatment.docx",DHF Validations,DHF Validations,0,"VV.SLQ007 A Test Report, Lubricity Durability Study, Silq Surface Treatment.docx",Word,339
"DHF Validations/VV.SLQ008 A Test Protocol, Saline Soak Stability Experiment, Silq Surface Treatment.docx",DHF Validations,DHF Validations,0,"VV.SLQ008 A Test Protocol, Saline Soak Stability Experiment, Silq Surface Treatment.docx",Word,327
"DHF Validations/VV.SLQ009 A Attachment 1 - Absorbance Results, Saline Soak Stability Experiment.xlsx",DHF Validations,DHF Validations,0,"VV.SLQ009 A Attachment 1 - Absorbance Results, Saline Soak Stability Experiment.xlsx",Excel,13
"DHF Validations/VV.SLQ009 A Test Report, Saline Soak Stability Experiment, Silq Surface Treatment.docx",DHF Validations,DHF Validations,0,"VV.SLQ009 A Test Report, Saline Soak Stability Experiment, Silq Surface Treatment.docx",Word,327
"DHF Validations/VV.SLQ010 A Master Validation Plan, Suspension.docx",DHF Validations,DHF Validations,0,"VV.SLQ010 A Master Validation Plan, Suspension.docx",Word,329
"DHF Validations/VV.SLQ011 A Installation Qualification Protocol, Diafiltration System.docx",DHF Validations,DHF Validations,0,"VV.SLQ011 A Installation Qualification Protocol, Diafiltration System.docx",Word,332
"DHF Validations/VV.SLQ012 A Installation Qualification Protocol, Peristaltic Pump.docx",DHF Validations,DHF Validations,0,"VV.SLQ012 A Installation Qualification Protocol, Peristaltic Pump.docx",Word,332
"DHF Validations/VV.SLQ013 A Installation Qualification Protocol, Pneumatic Drum Stirrer.docx",DHF Validations,DHF Validations,0,"VV.SLQ013 A Installation Qualification Protocol, Pneumatic Drum Stirrer.docx",Word,331
"DHF Validations/VV.SLQ014 A Installation Qualification Protocol, Waste Diaphragm Pump.docx",DHF Validations,DHF Validations,0,"VV.SLQ014 A Installation Qualification Protocol, Waste Diaphragm Pump.docx",Word,332
"DHF Validations/VV.SLQ015 A Installation Qualification Protocol, Floor Scale, Concentrate Reactor.docx",DHF Validations,DHF Validations,0,"VV.SLQ015 A Installation Qualification Protocol, Floor Scale, Concentrate Reactor.docx",Word,332
"DHF Validations/VV.SLQ016 A Installation Qualification Protocol, Floor Scale, Suspension.docx",DHF Validations,DHF Validations,0,"VV.SLQ016 A Installation Qualification Protocol, Floor Scale, Suspension.docx",Word,332
"DHF Validations/VV.SLQ017 A Installation Qualification Protocol, Weighing Scale.docx",DHF Validations,DHF Validations,0,"VV.SLQ017 A Installation Qualification Protocol, Weighing Scale.docx",Word,332
DHF Validations/VV.SLQ019 A Attachment 1 - Installation Qualification datasheet.pdf,DHF Validations,DHF Validations,0,VV.SLQ019 A Attachment 1 - Installation Qualification datasheet.pdf,PDF,2729
DHF Validations/VV.SLQ019 A Attachment 2 - Users Manual.pdf,DHF Validations,DHF Validations,0,VV.SLQ019 A Attachment 2 - Users Manual.pdf,PDF,2334
DHF Validations/VV.SLQ019 A Attachment 3 - PM Calibration Report.pdf,DHF Validations,DHF Validations,0,VV.SLQ019 A Attachment 3 - PM Calibration Report.pdf,PDF,2840
DHF Validations/VV.SLQ019 A Attachment 4 - Calibration and PM Requirements.pdf,DHF Validations,DHF Validations,0,VV.SLQ019 A Attachment 4 - Calibration and PM Requirements.pdf,PDF,854
"DHF Validations/VV.SLQ019 A Report, Installation Qualification, Diafiltration System, ST-005.docx",DHF Validations,DHF Validations,0,"VV.SLQ019 A Report, Installation Qualification, Diafiltration System, ST-005.docx",Word,324
DHF Validations/VV.SLQ020 A Attachment 1 - Installation Qualification datasheet.pdf,DHF Validations,DHF Validations,0,VV.SLQ020 A Attachment 1 - Installation Qualification datasheet.pdf,PDF,2670
DHF Validations/VV.SLQ020 A Attachment 2 - Users Manual.pdf,DHF Validations,DHF Validations,0,VV.SLQ020 A Attachment 2 - Users Manual.pdf,PDF,1172
DHF Validations/VV.SLQ020 A Attachment 3 - PM Requirements.pdf,DHF Validations,DHF Validations,0,VV.SLQ020 A Attachment 3 - PM Requirements.pdf,PDF,852
"DHF Validations/VV.SLQ020 A Report, Installation Qualification, Peristaltic Pump, ST-008.docx",DHF Validations,DHF Validations,0,"VV.SLQ020 A Report, Installation Qualification, Peristaltic Pump, ST-008.docx",Word,321
DHF Validations/VV.SLQ021 A Attachment 1 - Installation Qualification datasheet.pdf,DHF Validations,DHF Validations,0,VV.SLQ021 A Attachment 1 - Installation Qualification datasheet.pdf,PDF,2596
DHF Validations/VV.SLQ021 A Attachment 2 - PM Requirements.pdf,DHF Validations,DHF Validations,0,VV.SLQ021 A Attachment 2 - PM Requirements.pdf,PDF,852
"DHF Validations/VV.SLQ021 A Report, Installation Qualification, Pnuematic Drum Stirrer, ST-009.docx",DHF Validations,DHF Validations,0,"VV.SLQ021 A Report, Installation Qualification, Pnuematic Drum Stirrer, ST-009.docx",Word,321
DHF Validations/VV.SLQ022 A Attachment 1 - Installation Qualification datasheet.pdf,DHF Validations,DHF Validations,0,VV.SLQ022 A Attachment 1 - Installation Qualification datasheet.pdf,PDF,2583
DHF Validations/VV.SLQ022 A Attachment 2 - Users Manual.pdf,DHF Validations,DHF Validations,0,VV.SLQ022 A Attachment 2 - Users Manual.pdf,PDF,1513
DHF Validations/VV.SLQ022 A Attachment 3 - PM Requirements.pdf,DHF Validations,DHF Validations,0,VV.SLQ022 A Attachment 3 - PM Requirements.pdf,PDF,966
"DHF Validations/VV.SLQ022 A Report, Installation Qualification, Waste Diaphragm Pump, ST-004.docx",DHF Validations,DHF Validations,0,"VV.SLQ022 A Report, Installation Qualification, Waste Diaphragm Pump, ST-004.docx",Word,322
DHF Validations/VV.SLQ023 A Attachment 1 - Installation Qualification datasheet.pdf,DHF Validations,DHF Validations,0,VV.SLQ023 A Attachment 1 - Installation Qualification datasheet.pdf,PDF,2632
DHF Validations/VV.SLQ023 A Attachment 2 - Users Manual.pdf,DHF Validations,DHF Validations,0,VV.SLQ023 A Attachment 2 - Users Manual.pdf,PDF,2760
DHF Validations/VV.SLQ023 A Attachment 3 - Calibration Certificate.pdf,DHF Validations,DHF Validations,0,VV.SLQ023 A Attachment 3 - Calibration Certificate.pdf,PDF,671
DHF Validations/VV.SLQ023 A Attachment 4 - Calibration Requirements.pdf,DHF Validations,DHF Validations,0,VV.SLQ023 A Attachment 4 - Calibration Requirements.pdf,PDF,833
"DHF Validations/VV.SLQ023 A Report, Installation Qualification, Floor Scale, Concentrate Reactor, ST-006.docx",DHF Validations,DHF Validations,0,"VV.SLQ023 A Report, Installation Qualification, Floor Scale, Concentrate Reactor, ST-006.docx",Word,322
DHF Validations/VV.SLQ024 A Attachment 1 - Installation Qualification datasheet.pdf,DHF Validations,DHF Validations,0,VV.SLQ024 A Attachment 1 - Installation Qualification datasheet.pdf,PDF,2738
DHF Validations/VV.SLQ024 A Attachment 2 - Users Manual.pdf,DHF Validations,DHF Validations,0,VV.SLQ024 A Attachment 2 - Users Manual.pdf,PDF,2641
DHF Validations/VV.SLQ024 A Attachment 3 - Calibration Certificate.pdf,DHF Validations,DHF Validations,0,VV.SLQ024 A Attachment 3 - Calibration Certificate.pdf,PDF,671
DHF Validations/VV.SLQ024 A Attachment 4 - Calibration Requirements.pdf,DHF Validations,DHF Validations,0,VV.SLQ024 A Attachment 4 - Calibration Requirements.pdf,PDF,833
"DHF Validations/VV.SLQ024 A Report, Installation Qualification, Floor Scale, Suspension, ST-007.docx",DHF Validations,DHF Validations,0,"VV.SLQ024 A Report, Installation Qualification, Floor Scale, Suspension, ST-007.docx",Word,322
DHF Validations/VV.SLQ025 A Attachment 1 - Installation Qualification Datasheet.pdf,DHF Validations,DHF Validations,0,VV.SLQ025 A Attachment 1 - Installation Qualification Datasheet.pdf,PDF,1326
DHF Validations/VV.SLQ025 A Attachment 2 - Users Manual.pdf,DHF Validations,DHF Validations,0,VV.SLQ025 A Attachment 2 - Users Manual.pdf,PDF,1575
DHF Validations/VV.SLQ025 A Attachment 3 - Calibration Certificate.PDF,DHF Validations,DHF Validations,0,VV.SLQ025 A Attachment 3 - Calibration Certificate.PDF,PDF,726
DHF Validations/VV.SLQ025 A Attachment 4 - Calibration Requirements.pdf,DHF Validations,DHF Validations,0,VV.SLQ025 A Attachment 4 - Calibration Requirements.pdf,PDF,776
"DHF Validations/VV.SLQ025 A Report, Installation Qualification, Weighing Scale, ST-012.docx",DHF Validations,DHF Validations,0,"VV.SLQ025 A Report, Installation Qualification, Weighing Scale, ST-012.docx",Word,322
"DHF Validations/VV.SLQ026 A Installation Qualification Protocol, UV-Visible Spectrophotometer.docx",DHF Validations,DHF Validations,0,"VV.SLQ026 A Installation Qualification Protocol, UV-Visible Spectrophotometer.docx",Word,333
"DHF Validations/VV.SLQ028 B Test Protocol, Suspension Shelf Life Evaluation, Silq Surface Treatment.docx",DHF Validations,DHF Validations,0,"VV.SLQ028 B Test Protocol, Suspension Shelf Life Evaluation, Silq Surface Treatment.docx",Word,330
"DHF Validations/VV.SLQ029 A - Attachment 1 –  Suspension Certificate of Analysis, Lot No. HXY-825021.pdf",DHF Validations,DHF Validations,0,"VV.SLQ029 A - Attachment 1 –  Suspension Certificate of Analysis, Lot No. HXY-825021.pdf",PDF,729
"DHF Validations/VV.SLQ029 A - Attachment 2 – Coated Catheter Device History Record, Lot No SLQ-80040411241E.pdf",DHF Validations,DHF Validations,0,"VV.SLQ029 A - Attachment 2 – Coated Catheter Device History Record, Lot No SLQ-80040411241E.pdf",PDF,4608
"DHF Validations/VV.SLQ029 A - Attachment 3 - Suspension Quality Control Report, Aged Suspension.pdf",DHF Validations,DHF Validations,0,"VV.SLQ029 A - Attachment 3 - Suspension Quality Control Report, Aged Suspension.pdf",PDF,904
"DHF Validations/VV.SLQ029 A - Attachment 4 - Crystal Violet Absorbance test datasheet, Lot No. SLQ-80040411241E.pdf",DHF Validations,DHF Validations,0,"VV.SLQ029 A - Attachment 4 - Crystal Violet Absorbance test datasheet, Lot No. SLQ-80040411241E.pdf",PDF,929
"DHF Validations/VV.SLQ029 A - Attachment 5 - Coating Adherence Verification test datasheet, Lot No. SLQ-80040411241E.pdf",DHF Validations,DHF Validations,0,"VV.SLQ029 A - Attachment 5 - Coating Adherence Verification test datasheet, Lot No. SLQ-80040411241E.pdf",PDF,1291
DHF Validations/VV.SLQ029 A - Attachment 6 – Weighing Scale ST-012 Calibration Report.pdf,DHF Validations,DHF Validations,0,VV.SLQ029 A - Attachment 6 – Weighing Scale ST-012 Calibration Report.pdf,PDF,880
DHF Validations/VV.SLQ029 A - Attachment 7 - Protocol Training Record.pdf,DHF Validations,DHF Validations,0,VV.SLQ029 A - Attachment 7 - Protocol Training Record.pdf,PDF,1204
"DHF Validations/VV.SLQ029 A Test Report, Suspension Shelf Life Evaluation, 2 Year Aged, Silq Surface Treatment.docx",DHF Validations,DHF Validations,0,"VV.SLQ029 A Test Report, Suspension Shelf Life Evaluation, 2 Year Aged, Silq Surface Treatment.docx",Word,327
"DHRs/C.SLQ001 Lot2209-01-1/Certificate of Analysis, Suspension - Lot 2209-01-1.pdf",DHRs,DHRs/C.SLQ001 Lot2209-01-1,1,"Certificate of Analysis, Suspension - Lot 2209-01-1.pdf",PDF,214
DHRs/C.SLQ001 Lot2209-01-1/DHR Review and Approval Form - Lot 2209-01-1.pdf,DHRs,DHRs/C.SLQ001 Lot2209-01-1,1,DHR Review and Approval Form - Lot 2209-01-1.pdf,PDF,274
"DHRs/C.SLQ001 Lot2209-01-1/Suspension Processing Traveler, Lot 2209-01-1.pdf",DHRs,DHRs/C.SLQ001 Lot2209-01-1,1,"Suspension Processing Traveler, Lot 2209-01-1.pdf",PDF,2283
DHRs/C.SLQ001 Lot2209-01-1/Suspension Quality Control Report Lot 2209-01-1.pdf,DHRs,DHRs/C.SLQ001 Lot2209-01-1,1,Suspension Quality Control Report Lot 2209-01-1.pdf,PDF,471
"DHRs/C.SLQ001 Lot2209-01-2/Certificate of Analysis, Suspension - Lot 2209-01-2.pdf",DHRs,DHRs/C.SLQ001 Lot2209-01-2,1,"Certificate of Analysis, Suspension - Lot 2209-01-2.pdf",PDF,215
DHRs/C.SLQ001 Lot2209-01-2/DHR Review and Approval Form - Lot 2209-01-2.pdf,DHRs,DHRs/C.SLQ001 Lot2209-01-2,1,DHR Review and Approval Form - Lot 2209-01-2.pdf,PDF,275
"DHRs/C.SLQ001 Lot2209-01-2/Suspension Processing Traveler, Lot 2209-01-2.pdf",DHRs,DHRs/C.SLQ001 Lot2209-01-2,1,"Suspension Processing Traveler, Lot 2209-01-2.pdf",PDF,2462
DHRs/C.SLQ001 Lot2209-01-2/Suspension Quality Control Report Lot 2209-01-2.pdf,DHRs,DHRs/C.SLQ001 Lot2209-01-2,1,Suspension Quality Control Report Lot 2209-01-2.pdf,PDF,447
"DHRs/C.SLQ001 Lot2302-01-1/Certificate of Analysis, Suspension - Lot 2302-01-1.pdf",DHRs,DHRs/C.SLQ001 Lot2302-01-1,1,"Certificate of Analysis, Suspension - Lot 2302-01-1.pdf",PDF,214
DHRs/C.SLQ001 Lot2302-01-1/Device History Record Lot 2302-01-1.pdf,DHRs,DHRs/C.SLQ001 Lot2302-01-1,1,Device History Record Lot 2302-01-1.pdf,PDF,3046
DHRs/C.SLQ001 Lot2302-01-1/DHR Review and Approval Form - Lot 2302-01-1.pdf,DHRs,DHRs/C.SLQ001 Lot2302-01-1,1,DHR Review and Approval Form - Lot 2302-01-1.pdf,PDF,276
"DHRs/C.SLQ001 Lot2302-01-1/Suspension Quality Control Report, Lot No. 2302-01-1.pdf",DHRs,DHRs/C.SLQ001 Lot2302-01-1,1,"Suspension Quality Control Report, Lot No. 2302-01-1.pdf",PDF,373
"DHRs/C.SLQ001 Lot2302-01-2/Certificate of Analysis, Suspension - Lot 2302-01-2.pdf",DHRs,DHRs/C.SLQ001 Lot2302-01-2,1,"Certificate of Analysis, Suspension - Lot 2302-01-2.pdf",PDF,214
DHRs/C.SLQ001 Lot2302-01-2/Device History Record Lot 2302-01-2.pdf,DHRs,DHRs/C.SLQ001 Lot2302-01-2,1,Device History Record Lot 2302-01-2.pdf,PDF,3108
DHRs/C.SLQ001 Lot2302-01-2/DHR Review and Approval Form - Lot 2302-01-2.pdf,DHRs,DHRs/C.SLQ001 Lot2302-01-2,1,DHR Review and Approval Form - Lot 2302-01-2.pdf,PDF,276
"DHRs/C.SLQ001 Lot2302-01-2/Suspension Quality Control Report, Lot No. 2302-01-2.pdf",DHRs,DHRs/C.SLQ001 Lot2302-01-2,1,"Suspension Quality Control Report, Lot No. 2302-01-2.pdf",PDF,372
"DHRs/C.SLQ001 Lot2502-01-1/Certificate of Analysis, Suspension - Lot 2502-01-1.pdf",DHRs,DHRs/C.SLQ001 Lot2502-01-1,1,"Certificate of Analysis, Suspension - Lot 2502-01-1.pdf",PDF,218
DHRs/C.SLQ001 Lot2502-01-1/DHR Review and Approval Form - Lot 2502-01-1.pdf,DHRs,DHRs/C.SLQ001 Lot2502-01-1,1,DHR Review and Approval Form - Lot 2502-01-1.pdf,PDF,308
"DHRs/C.SLQ001 Lot2502-01-1/Suspension Quality Control Report, Lot No. 2502-01-1.pdf",DHRs,DHRs/C.SLQ001 Lot2502-01-1,1,"Suspension Quality Control Report, Lot No. 2502-01-1.pdf",PDF,1042
DHRs/C.SLQ001 Lot2502-01-1/TR-C.SLQ001 A 2502-01-1.pdf,DHRs,DHRs/C.SLQ001 Lot2502-01-1,1,TR-C.SLQ001 A 2502-01-1.pdf,PDF,6651
"DHRs/C.SLQ001 Lot2502-01-2/Certificate of Analysis, Suspension - Lot 2502-01-2.pdf",DHRs,DHRs/C.SLQ001 Lot2502-01-2,1,"Certificate of Analysis, Suspension - Lot 2502-01-2.pdf",PDF,182
DHRs/C.SLQ001 Lot2502-01-2/DHR Review and Approval Form - Lot 2502-01-2.pdf,DHRs,DHRs/C.SLQ001 Lot2502-01-2,1,DHR Review and Approval Form - Lot 2502-01-2.pdf,PDF,241
"DHRs/C.SLQ001 Lot2502-01-2/Suspension Quality Control Report, Lot No. 2502-01-2.pdf",DHRs,DHRs/C.SLQ001 Lot2502-01-2,1,"Suspension Quality Control Report, Lot No. 2502-01-2.pdf",PDF,628
DHRs/C.SLQ001 Lot2502-01-2/TR-C.SLQ001 A 2502-01-2.pdf,DHRs,DHRs/C.SLQ001 Lot2502-01-2,1,TR-C.SLQ001 A 2502-01-2.pdf,PDF,4287
DHRs/SLQ-211410SPT/LotSLQ-1192024/DHR SLQ-211410SPT Rev. B Lot SLQ-11192024 QTY 221.pdf,DHRs,DHRs/SLQ-211410SPT/LotSLQ-1192024,2,DHR SLQ-211410SPT Rev. B Lot SLQ-11192024 QTY 221.pdf,PDF,10706
"DHRs/SLQ-211410SPT/LotSLQ-1192024/Quality Control Results, Coating Adherence Verification, Lot SLQ-11192024.pdf",DHRs,DHRs/SLQ-211410SPT/LotSLQ-1192024,2,"Quality Control Results, Coating Adherence Verification, Lot SLQ-11192024.pdf",PDF,373
"DHRs/SLQ-211410SPT/LotSLQ-1192024/Quality Control Results, Crystal Violet Absorbance, Lot SLQ-11192024.pdf",DHRs,DHRs/SLQ-211410SPT/LotSLQ-1192024,2,"Quality Control Results, Crystal Violet Absorbance, Lot SLQ-11192024.pdf",PDF,380
DHRs/SLQ-211610SPT/LotSLQ-05012025/DHR_SLQ-211610SPT_Rev B_LN SLQ-05012025_QTY 1298 catheters.pdf,DHRs,DHRs/SLQ-211610SPT/LotSLQ-05012025,2,DHR_SLQ-211610SPT_Rev B_LN SLQ-05012025_QTY 1298 catheters.pdf,PDF,16973
DHRs/SLQ-211610SPT/LotSLQ-05012025/OM.SLQ003 SLQ05012025.pdf,DHRs,DHRs/SLQ-211610SPT/LotSLQ-05012025,2,OM.SLQ003 SLQ05012025.pdf,PDF,915
DHRs/SLQ-211610SPT/LotSLQ-05012025/OM.SLQ004 SLQ05012025.pdf,DHRs,DHRs/SLQ-211610SPT/LotSLQ-05012025,2,OM.SLQ004 SLQ05012025.pdf,PDF,794
DHRs/SLQ-211610SPT/LotSLQ-11202024/DHR SLQ-211610SPT Rev B Lot SLQ-11202024 QTY 944.pdf,DHRs,DHRs/SLQ-211610SPT/LotSLQ-11202024,2,DHR SLQ-211610SPT Rev B Lot SLQ-11202024 QTY 944.pdf,PDF,10897
"DHRs/SLQ-211610SPT/LotSLQ-11202024/Quality Control Results, Coating Adherence Verification, Lot SLQ-11202024.pdf",DHRs,DHRs/SLQ-211610SPT/LotSLQ-11202024,2,"Quality Control Results, Coating Adherence Verification, Lot SLQ-11202024.pdf",PDF,374
"DHRs/SLQ-211610SPT/LotSLQ-11202024/Quality Control Results, Crystal Violet Absorbance, Lot SLQ-11202024.pdf",DHRs,DHRs/SLQ-211610SPT/LotSLQ-11202024,2,"Quality Control Results, Crystal Violet Absorbance, Lot SLQ-11202024.pdf",PDF,383
DHRs/SLQ-211810SPT/LotSLQ-01242025/DHR SLQ-211810SPT Rev B Lot SLQ-01242025 Qty 369.pdf,DHRs,DHRs/SLQ-211810SPT/LotSLQ-01242025,2,DHR SLQ-211810SPT Rev B Lot SLQ-01242025 Qty 369.pdf,PDF,11100
DHRs/SLQ-211810SPT/LotSLQ-01242025/OM.SLQ003 A Quality Control Procedure Crystal Violet Absorbance SLQ-01242025.pdf,DHRs,DHRs/SLQ-211810SPT/LotSLQ-01242025,2,OM.SLQ003 A Quality Control Procedure Crystal Violet Absorbance SLQ-01242025.pdf,PDF,904
DHRs/SLQ-211810SPT/LotSLQ-01242025/OM.SLQ004 A Quality Control Procedure Coating Adherence Verification SLQ-01242025.pdf,DHRs,DHRs/SLQ-211810SPT/LotSLQ-01242025,2,OM.SLQ004 A Quality Control Procedure Coating Adherence Verification SLQ-01242025.pdf,PDF,772
DHRs/SLQ-211810SPT/LotSLQ-05022025/DHR_SLQ-211810SPT_LN SLQ-05022025_QTY 3268.pdf,DHRs,DHRs/SLQ-211810SPT/LotSLQ-05022025,2,DHR_SLQ-211810SPT_LN SLQ-05022025_QTY 3268.pdf,PDF,30728
DHRs/SLQ-211810SPT/LotSLQ-05022025/OM.SLQ003 SLQ05022025.pdf,DHRs,DHRs/SLQ-211810SPT/LotSLQ-05022025,2,OM.SLQ003 SLQ05022025.pdf,PDF,889
DHRs/SLQ-211810SPT/LotSLQ-05022025/OM.SLQ004 SLQ05022025.pdf,DHRs,DHRs/SLQ-211810SPT/LotSLQ-05022025,2,OM.SLQ004 SLQ05022025.pdf,PDF,817
DHRs/SLQ-211810SPT/LotSLQ-11182024/DHR SLQ-211810SPT Rev. B Lot SLQ-11182024 QTY 805.pdf,DHRs,DHRs/SLQ-211810SPT/LotSLQ-11182024,2,DHR SLQ-211810SPT Rev. B Lot SLQ-11182024 QTY 805.pdf,PDF,4831
"DHRs/SLQ-211810SPT/LotSLQ-11182024/Quality Control Procedure Coating Adherence Verification, Lot SLQ-11182024.pdf",DHRs,DHRs/SLQ-211810SPT/LotSLQ-11182024,2,"Quality Control Procedure Coating Adherence Verification, Lot SLQ-11182024.pdf",PDF,903
"DHRs/SLQ-211810SPT/LotSLQ-11182024/Quality Control Procedure Crystal Violet Absorbance, Lot SLQ-11182024.pdf",DHRs,DHRs/SLQ-211810SPT/LotSLQ-11182024,2,"Quality Control Procedure Crystal Violet Absorbance, Lot SLQ-11182024.pdf",PDF,381
DHRs/SLQ-211810SPT/LotSLQ-81020515241/DHR SLQ-211810SPT Rev. B Lot SLQ-81020515241 QTY 380.pdf,DHRs,DHRs/SLQ-211810SPT/LotSLQ-81020515241,2,DHR SLQ-211810SPT Rev. B Lot SLQ-81020515241 QTY 380.pdf,PDF,12553
DHRs/SLQ-211810SPT/LotSLQ-81020515241/OM.SLQ003 SLQ-81020515241.pdf,DHRs,DHRs/SLQ-211810SPT/LotSLQ-81020515241,2,OM.SLQ003 SLQ-81020515241.pdf,PDF,776
DHRs/SLQ-211810SPT/LotSLQ-81020515241/OM.SLQ004 SLQ-81020515241.pdf,DHRs,DHRs/SLQ-211810SPT/LotSLQ-81020515241,2,OM.SLQ004 SLQ-81020515241.pdf,PDF,677
"DMRs/C.SLQ001/BOM-C.SLQ001 C Bill of Materials, Suspension.xlsx",DMRs,DMRs/C.SLQ001,1,"BOM-C.SLQ001 C Bill of Materials, Suspension.xlsx",Excel,26
"DMRs/C.SLQ001/BOR-C.SLQ001 A Bill of Reference, Suspension.pdf",DMRs,DMRs/C.SLQ001,1,"BOR-C.SLQ001 A Bill of Reference, Suspension.pdf",PDF,309
DMRs/C.SLQ001/MP-C.SLQ001 B Manufacturing Procedure. Suspension Processing.docx,DMRs,DMRs/C.SLQ001,1,MP-C.SLQ001 B Manufacturing Procedure. Suspension Processing.docx,Word,16313
"DMRs/C.SLQ001/OM.SLQ001 A Operations Manufacturing Procedure, Fume Hood.docx",DMRs,DMRs/C.SLQ001,1,"OM.SLQ001 A Operations Manufacturing Procedure, Fume Hood.docx",Word,152
DMRs/C.SLQ001/QC-C.SLQ001 B Quality Control Procedure Suspension Analysis.docx,DMRs,DMRs/C.SLQ001,1,QC-C.SLQ001 B Quality Control Procedure Suspension Analysis.docx,Word,706
"DMRs/C.SLQ001/QC-E.SLQ015 A Quality Control Qualification Procedure, Jenway 7205 Spectrophotometer.docx",DMRs,DMRs/C.SLQ001,1,"QC-E.SLQ015 A Quality Control Qualification Procedure, Jenway 7205 Spectrophotometer.docx",Word,326
"DMRs/C.SLQ001/SP-C.SLQ001 B Specification, Suspension.docx",DMRs,DMRs/C.SLQ001,1,"SP-C.SLQ001 B Specification, Suspension.docx",Word,277
"DMRs/C.SLQ001/SP-C.SLQ002 A Source Control Specification, Label Stock, 4 in. x 6 in., White.docx",DMRs,DMRs/C.SLQ001,1,"SP-C.SLQ002 A Source Control Specification, Label Stock, 4 in. x 6 in., White.docx",Word,250
"DMRs/C.SLQ001/SP-C.SLQ003 A Source Control Specification, Drum, Plastic, 55 gallon, Closed Top.docx",DMRs,DMRs/C.SLQ001,1,"SP-C.SLQ003 A Source Control Specification, Drum, Plastic, 55 gallon, Closed Top.docx",Word,250
"DMRs/C.SLQ001/SP-L.SLQ005 A Specification, Artwork, Label, Suspension.docx",DMRs,DMRs/C.SLQ001,1,"SP-L.SLQ005 A Specification, Artwork, Label, Suspension.docx",Word,286
"DMRs/C.SLQ001/SP-M.SLQ001 C Source Control Specification, Polymeric Dispersion Soution, Unpurified.docx",DMRs,DMRs/C.SLQ001,1,"SP-M.SLQ001 C Source Control Specification, Polymeric Dispersion Soution, Unpurified.docx",Word,276
DMRs/ClearTract Labeling/L.SLQ001 A ClearTract 2 Way Foley Catheter Brochure.pdf,DMRs,DMRs/ClearTract Labeling,1,L.SLQ001 A ClearTract 2 Way Foley Catheter Brochure.pdf,PDF,1060
DMRs/ClearTract Labeling/L.SLQ011 B Silq ClearTract Brochure Bi-Fold.pdf,DMRs,DMRs/ClearTract Labeling,1,L.SLQ011 B Silq ClearTract Brochure Bi-Fold.pdf,PDF,3770
DMRs/ClearTract Labeling/L.SLQ012 B Silq ClearTract Brochure.pdf,DMRs,DMRs/ClearTract Labeling,1,L.SLQ012 B Silq ClearTract Brochure.pdf,PDF,3775
DMRs/ClearTract Labeling/L.SLQ013 A Silq ClearTract Flyer.pdf,DMRs,DMRs/ClearTract Labeling,1,L.SLQ013 A Silq ClearTract Flyer.pdf,PDF,6146
"DMRs/ClearTract Labeling/OM.SLQ002 A Quality Control Procedure, Surface Treatment Verification, Crystal Violet.docx",DMRs,DMRs/ClearTract Labeling,1,"OM.SLQ002 A Quality Control Procedure, Surface Treatment Verification, Crystal Violet.docx",Word,329
"DMRs/ClearTract Labeling/OM.SLQ003 A Quality Control Procedure, Crystal Violet Absorbance, Silq Surface Treatment.docx",DMRs,DMRs/ClearTract Labeling,1,"OM.SLQ003 A Quality Control Procedure, Crystal Violet Absorbance, Silq Surface Treatment.docx",Word,329
"DMRs/ClearTract Labeling/OM.SLQ004 A Quality Control Procedure, Coating Adherence Verification, Silq Surface Treatment.docx",DMRs,DMRs/ClearTract Labeling,1,"OM.SLQ004 A Quality Control Procedure, Coating Adherence Verification, Silq Surface Treatment.docx",Word,326
"DMRs/ClearTract Labeling/QC-E.SLQ015 A Quality Control Qualification Procedure, Jenway 7205 Spectrophotometer.docx",DMRs,DMRs/ClearTract Labeling,1,"QC-E.SLQ015 A Quality Control Qualification Procedure, Jenway 7205 Spectrophotometer.docx",Word,326
"DMRs/ClearTract Labeling/SLQ-4006_B, Artwork, IFU, SILQ ClearTract Catheter.docx",DMRs,DMRs/ClearTract Labeling,1,"SLQ-4006_B, Artwork, IFU, SILQ ClearTract Catheter.docx",Word,58
"DMRs/ClearTract Labeling/SLQ-4006_B, Artwork, IFU, SILQ ClearTract Catheter.pdf",DMRs,DMRs/ClearTract Labeling,1,"SLQ-4006_B, Artwork, IFU, SILQ ClearTract Catheter.pdf",PDF,136
"DMRs/ClearTract Labeling/SP-L.SLQ002 B Specification, Instructions for Use, ClearTract Catheter.docx",DMRs,DMRs/ClearTract Labeling,1,"SP-L.SLQ002 B Specification, Instructions for Use, ClearTract Catheter.docx",Word,251
"DMRs/ClearTract Labeling/SP-L.SLQ002 B Specification, Instructions for Use, ClearTract Catheter.pdf",DMRs,DMRs/ClearTract Labeling,1,"SP-L.SLQ002 B Specification, Instructions for Use, ClearTract Catheter.pdf",PDF,448
DMRs/ClearTract Labeling/SP-L.SLQ003 B - Attachment 1 - SLQ-AW-4000_A.pdf,DMRs,DMRs/ClearTract Labeling,1,SP-L.SLQ003 B - Attachment 1 - SLQ-AW-4000_A.pdf,PDF,506
"DMRs/ClearTract Labeling/SP-L.SLQ003 B Specification, Artwork, Label, 2-way Cleartract 16 Fr x 10 ml Catheter, Pouch.docx",DMRs,DMRs/ClearTract Labeling,1,"SP-L.SLQ003 B Specification, Artwork, Label, 2-way Cleartract 16 Fr x 10 ml Catheter, Pouch.docx",Word,476
"DMRs/ClearTract Labeling/SP-L.SLQ003 B Specification, Artwork, Label, 2-way Cleartract 16 Fr x 10 ml Catheter, Pouch.pdf",DMRs,DMRs/ClearTract Labeling,1,"SP-L.SLQ003 B Specification, Artwork, Label, 2-way Cleartract 16 Fr x 10 ml Catheter, Pouch.pdf",PDF,584
DMRs/ClearTract Labeling/SP-L.SLQ004 B - Attachment 1 - SLQ-AW-4001_A.pdf,DMRs,DMRs/ClearTract Labeling,1,SP-L.SLQ004 B - Attachment 1 - SLQ-AW-4001_A.pdf,PDF,421
"DMRs/ClearTract Labeling/SP-L.SLQ004 B Spec, Artwork, Label, 2-way Cleartract 16 Fr x 10 ml Catheter, Shipper Box.docx",DMRs,DMRs/ClearTract Labeling,1,"SP-L.SLQ004 B Spec, Artwork, Label, 2-way Cleartract 16 Fr x 10 ml Catheter, Shipper Box.docx",Word,331
"DMRs/ClearTract Labeling/SP-L.SLQ004 B Spec, Artwork, Label, 2-way Cleartract 16 Fr x 10 ml Catheter, Shipper Box.pdf",DMRs,DMRs/ClearTract Labeling,1,"SP-L.SLQ004 B Spec, Artwork, Label, 2-way Cleartract 16 Fr x 10 ml Catheter, Shipper Box.pdf",PDF,534
"DMRs/ClearTract Labeling/SP-L.SLQ006 A Specification, Artwork, Label, 2-way Cleartract 16 Fr x 10 ml Catheter, Carton.docx",DMRs,DMRs/ClearTract Labeling,1,"SP-L.SLQ006 A Specification, Artwork, Label, 2-way Cleartract 16 Fr x 10 ml Catheter, Carton.docx",Word,479
"DMRs/ClearTract Labeling/SP-L.SLQ006 A Specification, Artwork, Label, 2-way Cleartract 16 Fr x 10 ml Catheter, Carton.pdf",DMRs,DMRs/ClearTract Labeling,1,"SP-L.SLQ006 A Specification, Artwork, Label, 2-way Cleartract 16 Fr x 10 ml Catheter, Carton.pdf",PDF,555
DMRs/ClearTract Labeling/SP-L.SLQ006A - Attachment 1 - SLQ-AW-4002_A.pdf,DMRs,DMRs/ClearTract Labeling,1,SP-L.SLQ006A - Attachment 1 - SLQ-AW-4002_A.pdf,PDF,511
"DMRs/ClearTract Labeling/SP-L.SLQ007/SLQ-4007_A, Artwork, IFU, SILQ ClearTract SPT Catheter.docx",DMRs,DMRs/ClearTract Labeling/SP-L.SLQ007,2,"SLQ-4007_A, Artwork, IFU, SILQ ClearTract SPT Catheter.docx",Word,61
"DMRs/ClearTract Labeling/SP-L.SLQ007/SLQ-4007_A, Artwork, IFU, SILQ ClearTract SPT Catheter.pdf",DMRs,DMRs/ClearTract Labeling/SP-L.SLQ007,2,"SLQ-4007_A, Artwork, IFU, SILQ ClearTract SPT Catheter.pdf",PDF,140
"DMRs/ClearTract Labeling/SP-L.SLQ007/SP-L.SLQ007 A Specification, Instructions for Use, 2-Way ClearTract SPT Catheter.docx",DMRs,DMRs/ClearTract Labeling/SP-L.SLQ007,2,"SP-L.SLQ007 A Specification, Instructions for Use, 2-Way ClearTract SPT Catheter.docx",Word,252
"DMRs/ClearTract Labeling/SP-L.SLQ007/SP-L.SLQ007 A Specification, Instructions for Use, 2-Way ClearTract SPT Catheter.pdf",DMRs,DMRs/ClearTract Labeling/SP-L.SLQ007,2,"SP-L.SLQ007 A Specification, Instructions for Use, 2-Way ClearTract SPT Catheter.pdf",PDF,449
DMRs/ClearTract Labeling/SP-L.SLQ008/SP-L.SLQ008 A - Attachment 1 - SLQ-AW-4008_A.pdf,DMRs,DMRs/ClearTract Labeling/SP-L.SLQ008,2,SP-L.SLQ008 A - Attachment 1 - SLQ-AW-4008_A.pdf,PDF,512
"DMRs/ClearTract Labeling/SP-L.SLQ008/SP-L.SLQ008 A Specification, Artwork, Label, Pouch, 2-Way ClearTract SPT Catheter.docx",DMRs,DMRs/ClearTract Labeling/SP-L.SLQ008,2,"SP-L.SLQ008 A Specification, Artwork, Label, Pouch, 2-Way ClearTract SPT Catheter.docx",Word,311
"DMRs/ClearTract Labeling/SP-L.SLQ008/SP-L.SLQ008 A Specification, Artwork, Label, Pouch, 2-Way ClearTract SPT Catheter.pdf",DMRs,DMRs/ClearTract Labeling/SP-L.SLQ008,2,"SP-L.SLQ008 A Specification, Artwork, Label, Pouch, 2-Way ClearTract SPT Catheter.pdf",PDF,727
DMRs/ClearTract Labeling/SP-L.SLQ009/SP-L.SLQ009 A - Attachment 1 - SLQ-AW-4009_A.pdf,DMRs,DMRs/ClearTract Labeling/SP-L.SLQ009,2,SP-L.SLQ009 A - Attachment 1 - SLQ-AW-4009_A.pdf,PDF,515
"DMRs/ClearTract Labeling/SP-L.SLQ009/SP-L.SLQ009 A Specification, Artwork, Label, Carton, 2-Way ClearTract SPT Catheter.docx",DMRs,DMRs/ClearTract Labeling/SP-L.SLQ009,2,"SP-L.SLQ009 A Specification, Artwork, Label, Carton, 2-Way ClearTract SPT Catheter.docx",Word,314
"DMRs/ClearTract Labeling/SP-L.SLQ009/SP-L.SLQ009 A Specification, Artwork, Label, Carton, 2-Way ClearTract SPT Catheter.pdf",DMRs,DMRs/ClearTract Labeling/SP-L.SLQ009,2,"SP-L.SLQ009 A Specification, Artwork, Label, Carton, 2-Way ClearTract SPT Catheter.pdf",PDF,748
DMRs/ClearTract Labeling/SP-L.SLQ010/SP-L.SLQ010 A - Attachment 1 - SLQ-AW-4010_A.pdf,DMRs,DMRs/ClearTract Labeling/SP-L.SLQ010,2,SP-L.SLQ010 A - Attachment 1 - SLQ-AW-4010_A.pdf,PDF,424
"DMRs/ClearTract Labeling/SP-L.SLQ010/SP-L.SLQ010 A Specification, Artwork, Label, Shipper Box, 2-Way ClearTract SPT Catheter.docx",DMRs,DMRs/ClearTract Labeling/SP-L.SLQ010,2,"SP-L.SLQ010 A Specification, Artwork, Label, Shipper Box, 2-Way ClearTract SPT Catheter.docx",Word,267
"DMRs/ClearTract Labeling/SP-L.SLQ010/SP-L.SLQ010 A Specification, Artwork, Label, Shipper Box, 2-Way ClearTract SPT Catheter.pdf",DMRs,DMRs/ClearTract Labeling/SP-L.SLQ010,2,"SP-L.SLQ010 A Specification, Artwork, Label, Shipper Box, 2-Way ClearTract SPT Catheter.pdf",PDF,478
DMRs/DMR SLQ-211410SPT.pdf,DMRs,DMRs,0,DMR SLQ-211410SPT.pdf,PDF,594
DMRs/DMR SLQ-211610SPT.pdf,DMRs,DMRs,0,DMR SLQ-211610SPT.pdf,PDF,596
DMRs/DMR SLQ-211810SPT.pdf,DMRs,DMRs,0,DMR SLQ-211810SPT.pdf,PDF,596
Employee Training/BrianMcVerry/Employee Training Program Brian v3.pdf,Employee Training,Employee Training/BrianMcVerry,1,Employee Training Program Brian v3.pdf,PDF,224
Employee Training/BrianMcVerry/Employee Training Record QM.HX002A Brian retrain.pdf,Employee Training,Employee Training/BrianMcVerry,1,Employee Training Record QM.HX002A Brian retrain.pdf,PDF,251
Employee Training/BrianMcVerry/Employee Training Record QM.HX005A -6A -7A -8A -9A -10A Brian.pdf,Employee Training,Employee Training/BrianMcVerry,1,Employee Training Record QM.HX005A -6A -7A -8A -9A -10A Brian.pdf,PDF,158
Employee Training/BrianMcVerry/Employee Training Record QM.HX011A 13A 15A 16A 18A Brian.pdf,Employee Training,Employee Training/BrianMcVerry,1,Employee Training Record QM.HX011A 13A 15A 16A 18A Brian.pdf,PDF,149
Employee Training/BrianMcVerry/Employee Training Record QM.HX33A -35A -39A -40A Brian.pdf,Employee Training,Employee Training/BrianMcVerry,1,Employee Training Record QM.HX33A -35A -39A -40A Brian.pdf,PDF,146
Employee Training/BrianMcVerry/Employee Training Record QM19A -20A -21A -27A -28A Brian.pdf,Employee Training,Employee Training/BrianMcVerry,1,Employee Training Record QM19A -20A -21A -27A -28A Brian.pdf,PDF,151
Employee Training/BrianMcVerry/Hydrophilix Electronic Signature Ack_Brian.pdf,Employee Training,Employee Training/BrianMcVerry,1,Hydrophilix Electronic Signature Ack_Brian.pdf,PDF,559
Employee Training/BrianMcVerry/OM.SLQ003A OM.SLQ004A Employee Training Record Brian.pdf,Employee Training,Employee Training/BrianMcVerry,1,OM.SLQ003A OM.SLQ004A Employee Training Record Brian.pdf,PDF,140
Employee Training/BrianMcVerry/QM.HX012B QM.HX013B  Employee Training Record Brian.pdf,Employee Training,Employee Training/BrianMcVerry,1,QM.HX012B QM.HX013B  Employee Training Record Brian.pdf,PDF,135
Employee Training/BrianMcVerry/QM.SLQ002 B Employee Training Record Brian.pdf,Employee Training,Employee Training/BrianMcVerry,1,QM.SLQ002 B Employee Training Record Brian.pdf,PDF,165
Employee Training/BrianMcVerry/QM.SLQ003B QM.SLQ014B Employee Training Record Brian.pdf,Employee Training,Employee Training/BrianMcVerry,1,QM.SLQ003B QM.SLQ014B Employee Training Record Brian.pdf,PDF,167
Employee Training/BrianMcVerry/QM.SLQ005B QM.SLQ020C QM.SLQ027C QM.SLQ035B QM.SLQ040B Employee Training Record Brian.pdf,Employee Training,Employee Training/BrianMcVerry,1,QM.SLQ005B QM.SLQ020C QM.SLQ027C QM.SLQ035B QM.SLQ040B Employee Training Record Brian.pdf,PDF,176
Employee Training/BrianMcVerry/QM.SLQ015 B Employee Training Record BMcV.pdf,Employee Training,Employee Training/BrianMcVerry,1,QM.SLQ015 B Employee Training Record BMcV.pdf,PDF,165
Employee Training/BrianMcVerry/QM.SLQ016B -19B -20B -21B -48A Employee Training Record_Brian.pdf,Employee Training,Employee Training/BrianMcVerry,1,QM.SLQ016B -19B -20B -21B -48A Employee Training Record_Brian.pdf,PDF,177
Employee Training/BrianMcVerry/QM.SLQ016C QM.SLQ021C Employee Training Record Brian.pdf,Employee Training,Employee Training/BrianMcVerry,1,QM.SLQ016C QM.SLQ021C Employee Training Record Brian.pdf,PDF,167
Employee Training/BrianMcVerry/QM.SLQ020 D Employee Training Record Brian.pdf,Employee Training,Employee Training/BrianMcVerry,1,QM.SLQ020 D Employee Training Record Brian.pdf,PDF,138
Employee Training/BrianMcVerry/QM.SLQ021 D Employee Training Record Brian.pdf,Employee Training,Employee Training/BrianMcVerry,1,QM.SLQ021 D Employee Training Record Brian.pdf,PDF,165
Employee Training/BrianMcVerry/QM.SLQ026 B Employee Training Record Brian.pdf,Employee Training,Employee Training/BrianMcVerry,1,QM.SLQ026 B Employee Training Record Brian.pdf,PDF,166
Employee Training/BrianMcVerry/QM.SLQ027 B Employee Training Record Brian.pdf,Employee Training,Employee Training/BrianMcVerry,1,QM.SLQ027 B Employee Training Record Brian.pdf,PDF,165
Employee Training/BrianMcVerry/QM.SLQ027D 35C 37A Employee Training Record Brian.pdf,Employee Training,Employee Training/BrianMcVerry,1,QM.SLQ027D 35C 37A Employee Training Record Brian.pdf,PDF,172
Employee Training/BrianMcVerry/QM.SLQ050 A Employee Training Record Brian.pdf,Employee Training,Employee Training/BrianMcVerry,1,QM.SLQ050 A Employee Training Record Brian.pdf,PDF,165
Employee Training/BrianMcVerry/QM.SLQ051 A Employee Training Record Brian.pdf,Employee Training,Employee Training/BrianMcVerry,1,QM.SLQ051 A Employee Training Record Brian.pdf,PDF,165
Employee Training/BrianMcVerry/QMSLQ19C -26C -43A Employee Training Record Brian.pdf,Employee Training,Employee Training/BrianMcVerry,1,QMSLQ19C -26C -43A Employee Training Record Brian.pdf,PDF,172
Employee Training/BrianMcVerry/QSR 2022 Employee Training Record Brian.pdf,Employee Training,Employee Training/BrianMcVerry,1,QSR 2022 Employee Training Record Brian.pdf,PDF,4126
Employee Training/BrianMcVerry/QSR QM3A QM4A QM12A Employee Training Record BMcV.pdf,Employee Training,Employee Training/BrianMcVerry,1,QSR QM3A QM4A QM12A Employee Training Record BMcV.pdf,PDF,753
Employee Training/BrianMcVerry/Resume Brian McVerry 12.2022.pdf,Employee Training,Employee Training/BrianMcVerry,1,Resume Brian McVerry 12.2022.pdf,PDF,50
Employee Training/BrianMcVerry/Silq QSR 2023 Employee Training Record Brian.pdf,Employee Training,Employee Training/BrianMcVerry,1,Silq QSR 2023 Employee Training Record Brian.pdf,PDF,4128
Employee Training/BrianMcVerry/Silq QSR 2024 Employee Training Record Brian.pdf,Employee Training,Employee Training/BrianMcVerry,1,Silq QSR 2024 Employee Training Record Brian.pdf,PDF,6035
Employee Training/BrianMcVerry/Silq QSR 2025 Employee Training Record Brian.pdf,Employee Training,Employee Training/BrianMcVerry,1,Silq QSR 2025 Employee Training Record Brian.pdf,PDF,4340
Employee Training/BrianMcVerry/Training Record QM.HX001A QM.HX002A QM.HX026A Brian.pdf,Employee Training,Employee Training/BrianMcVerry,1,Training Record QM.HX001A QM.HX002A QM.HX026A Brian.pdf,PDF,368
Employee Training/ChrisTurner/Electronic Signature Acknowledgement_Chris.pdf,Employee Training,Employee Training/ChrisTurner,1,Electronic Signature Acknowledgement_Chris.pdf,PDF,621
Employee Training/ChrisTurner/Employee Training Program Chris Turner v2.pdf,Employee Training,Employee Training/ChrisTurner,1,Employee Training Program Chris Turner v2.pdf,PDF,1389
Employee Training/ChrisTurner/MP-C.SLQ001 A QC-C.SLQ001 A Employee Training Record Chris.pdf,Employee Training,Employee Training/ChrisTurner,1,MP-C.SLQ001 A QC-C.SLQ001 A Employee Training Record Chris.pdf,PDF,167
Employee Training/ChrisTurner/MP-C.SLQ001B QC-C.SLQ001B Employee Training Record Chris.pdf,Employee Training,Employee Training/ChrisTurner,1,MP-C.SLQ001B QC-C.SLQ001B Employee Training Record Chris.pdf,PDF,167
Employee Training/ChrisTurner/OM.SLQ001 A Employee Training Record Chris.pdf,Employee Training,Employee Training/ChrisTurner,1,OM.SLQ001 A Employee Training Record Chris.pdf,PDF,165
Employee Training/ChrisTurner/QM.SLQ001 A -014B -026 B Employee Training Record Chris.pdf,Employee Training,Employee Training/ChrisTurner,1,QM.SLQ001 A -014B -026 B Employee Training Record Chris.pdf,PDF,172
Employee Training/ChrisTurner/QM.SLQ002 B Employee Training Record Chris.pdf,Employee Training,Employee Training/ChrisTurner,1,QM.SLQ002 B Employee Training Record Chris.pdf,PDF,166
Employee Training/ChrisTurner/QM.SLQ002A GDP Employee Training Record Chris.pdf,Employee Training,Employee Training/ChrisTurner,1,QM.SLQ002A GDP Employee Training Record Chris.pdf,PDF,734
Employee Training/ChrisTurner/QM.SLQ004A -012B -015A -016B Employee Training Record Chris.pdf,Employee Training,Employee Training/ChrisTurner,1,QM.SLQ004A -012B -015A -016B Employee Training Record Chris.pdf,PDF,174
Employee Training/ChrisTurner/QM.SLQ015 B Employee Training Record Chris.pdf,Employee Training,Employee Training/ChrisTurner,1,QM.SLQ015 B Employee Training Record Chris.pdf,PDF,166
Employee Training/ChrisTurner/QM.SLQ016C QM.SLQ021C Employee Training Record Chris.pdf,Employee Training,Employee Training/ChrisTurner,1,QM.SLQ016C QM.SLQ021C Employee Training Record Chris.pdf,PDF,167
Employee Training/ChrisTurner/QM.SLQ018A -019B -020B -021B Employee Training Record Chris.pdf,Employee Training,Employee Training/ChrisTurner,1,QM.SLQ018A -019B -020B -021B Employee Training Record Chris.pdf,PDF,174
Employee Training/ChrisTurner/QM.SLQ020 D Employee Training Record Chris.pdf,Employee Training,Employee Training/ChrisTurner,1,QM.SLQ020 D Employee Training Record Chris.pdf,PDF,138
Employee Training/ChrisTurner/QM.SLQ020C QM.SLQ027C QM.SLQ035B QM.SLQ040B Employee Training Record Chris.pdf,Employee Training,Employee Training/ChrisTurner,1,QM.SLQ020C QM.SLQ027C QM.SLQ035B QM.SLQ040B Employee Training Record Chris.pdf,PDF,174
Employee Training/ChrisTurner/QM.SLQ021 D Employee Training Record Chris.pdf,Employee Training,Employee Training/ChrisTurner,1,QM.SLQ021 D Employee Training Record Chris.pdf,PDF,165
Employee Training/ChrisTurner/QM.SLQ027A -028A -035A -039A Employee Training Record Chris.pdf,Employee Training,Employee Training/ChrisTurner,1,QM.SLQ027A -028A -035A -039A Employee Training Record Chris.pdf,PDF,174
Employee Training/ChrisTurner/QM.SLQ027B QM.SLQ046A Employee Training Record Chris.pdf,Employee Training,Employee Training/ChrisTurner,1,QM.SLQ027B QM.SLQ046A Employee Training Record Chris.pdf,PDF,167
Employee Training/ChrisTurner/QM.SLQ027D 35C 37A Employee Training Record Chris.pdf,Employee Training,Employee Training/ChrisTurner,1,QM.SLQ027D 35C 37A Employee Training Record Chris.pdf,PDF,172
Employee Training/ChrisTurner/QM.SLQ039B QM.SLQ045A Employee Training Record Chris.pdf,Employee Training,Employee Training/ChrisTurner,1,QM.SLQ039B QM.SLQ045A Employee Training Record Chris.pdf,PDF,234
Employee Training/ChrisTurner/QM.SLQ040A -047A -048A -050A Employee Training Record Chris.pdf,Employee Training,Employee Training/ChrisTurner,1,QM.SLQ040A -047A -048A -050A Employee Training Record Chris.pdf,PDF,174
Employee Training/ChrisTurner/QM.SLQ049 A Employee Training Record Chris.pdf,Employee Training,Employee Training/ChrisTurner,1,QM.SLQ049 A Employee Training Record Chris.pdf,PDF,166
Employee Training/ChrisTurner/QM.SLQ051 A Employee Training Record Chris.pdf,Employee Training,Employee Training/ChrisTurner,1,QM.SLQ051 A Employee Training Record Chris.pdf,PDF,166
Employee Training/ChrisTurner/QMSLQ19C -26C -43A Employee Training Record Chris.pdf,Employee Training,Employee Training/ChrisTurner,1,QMSLQ19C -26C -43A Employee Training Record Chris.pdf,PDF,172
Employee Training/ChrisTurner/QSR 2022 QM.SLQ003B Employee Training Record Chris.pdf,Employee Training,Employee Training/ChrisTurner,1,QSR 2022 QM.SLQ003B Employee Training Record Chris.pdf,PDF,7111
"Employee Training/ChrisTurner/Resume - Turner, Chris - 2022.pdf",Employee Training,Employee Training/ChrisTurner,1,"Resume - Turner, Chris - 2022.pdf",PDF,130
Employee Training/ChrisTurner/Silq QSR 2023 Employee Training Record Chris.pdf,Employee Training,Employee Training/ChrisTurner,1,Silq QSR 2023 Employee Training Record Chris.pdf,PDF,5032
Employee Training/ChrisTurner/Silq QSR 2024 Employee Training Record Chris.pdf,Employee Training,Employee Training/ChrisTurner,1,Silq QSR 2024 Employee Training Record Chris.pdf,PDF,6546
Employee Training/ChrisTurner/Silq QSR 2025 Employee Training Record Chris.pdf,Employee Training,Employee Training/ChrisTurner,1,Silq QSR 2025 Employee Training Record Chris.pdf,PDF,5099
Employee Training/EthanRao/Electronic Signature Acknowledgement Form ER.pdf,Employee Training,Employee Training/EthanRao,1,Electronic Signature Acknowledgement Form ER.pdf,PDF,607
Employee Training/EthanRao/Employee Training Program Ethan v3.pdf,Employee Training,Employee Training/EthanRao,1,Employee Training Program Ethan v3.pdf,PDF,209
Employee Training/EthanRao/MP-C.SLQ001 A QC-C.SLQ001 A Employee Training Record Ethan.pdf,Employee Training,Employee Training/EthanRao,1,MP-C.SLQ001 A QC-C.SLQ001 A Employee Training Record Ethan.pdf,PDF,167
Employee Training/EthanRao/MP-C.SLQ001B QC-C.SLQ001B Employee Training Record Ethan.pdf,Employee Training,Employee Training/EthanRao,1,MP-C.SLQ001B QC-C.SLQ001B Employee Training Record Ethan.pdf,PDF,167
Employee Training/EthanRao/OM.SLQ001 A Employee Training Record Ethan.pdf,Employee Training,Employee Training/EthanRao,1,OM.SLQ001 A Employee Training Record Ethan.pdf,PDF,165
Employee Training/EthanRao/OM.SLQ002A QC-E.SLQ15A Employee Training Record Ethan.pdf,Employee Training,Employee Training/EthanRao,1,OM.SLQ002A QC-E.SLQ15A Employee Training Record Ethan.pdf,PDF,167
Employee Training/EthanRao/OM.SLQ003A OM.SLQ004A Employee Training Record Ethan.pdf,Employee Training,Employee Training/EthanRao,1,OM.SLQ003A OM.SLQ004A Employee Training Record Ethan.pdf,PDF,140
Employee Training/EthanRao/QM.HX012B QM.HX013B  Employee Training Record ER.pdf,Employee Training,Employee Training/EthanRao,1,QM.HX012B QM.HX013B  Employee Training Record ER.pdf,PDF,267
Employee Training/EthanRao/QM.SLQ002 B Employee Training Record Ethan.pdf,Employee Training,Employee Training/EthanRao,1,QM.SLQ002 B Employee Training Record Ethan.pdf,PDF,165
Employee Training/EthanRao/QM.SLQ003B QM.SLQ014B Employee Training Record Ethan.pdf,Employee Training,Employee Training/EthanRao,1,QM.SLQ003B QM.SLQ014B Employee Training Record Ethan.pdf,PDF,167
Employee Training/EthanRao/QM.SLQ005B QM.SLQ020C QM.SLQ027C QM.SLQ035B QM.SLQ040B Employee Training Record Ethan.pdf,Employee Training,Employee Training/EthanRao,1,QM.SLQ005B QM.SLQ020C QM.SLQ027C QM.SLQ035B QM.SLQ040B Employee Training Record Ethan.pdf,PDF,176
Employee Training/EthanRao/QM.SLQ015 B Employee Training Record Ethan.pdf,Employee Training,Employee Training/EthanRao,1,QM.SLQ015 B Employee Training Record Ethan.pdf,PDF,165
Employee Training/EthanRao/QM.SLQ016 C Employee Training Record_Ethan.pdf,Employee Training,Employee Training/EthanRao,1,QM.SLQ016 C Employee Training Record_Ethan.pdf,PDF,165
Employee Training/EthanRao/QM.SLQ016B -19B -20B -48A Employee Training Record_Ethan.pdf,Employee Training,Employee Training/EthanRao,1,QM.SLQ016B -19B -20B -48A Employee Training Record_Ethan.pdf,PDF,174
Employee Training/EthanRao/QM.SLQ020 D Employee Training Record Ethan.pdf,Employee Training,Employee Training/EthanRao,1,QM.SLQ020 D Employee Training Record Ethan.pdf,PDF,138
Employee Training/EthanRao/QM.SLQ026 B Employee Training Record Ethan.pdf,Employee Training,Employee Training/EthanRao,1,QM.SLQ026 B Employee Training Record Ethan.pdf,PDF,166
Employee Training/EthanRao/QM.SLQ027B QM.SLQ046A Employee Training Record Ethan.pdf,Employee Training,Employee Training/EthanRao,1,QM.SLQ027B QM.SLQ046A Employee Training Record Ethan.pdf,PDF,167
Employee Training/EthanRao/QM.SLQ027D 35C 37A Employee Training Record Ethan.pdf,Employee Training,Employee Training/EthanRao,1,QM.SLQ027D 35C 37A Employee Training Record Ethan.pdf,PDF,172
Employee Training/EthanRao/QM.SLQ039B QM.SLQ045A Employee Training Record_Ethan.pdf,Employee Training,Employee Training/EthanRao,1,QM.SLQ039B QM.SLQ045A Employee Training Record_Ethan.pdf,PDF,233
Employee Training/EthanRao/QM.SLQ049 A Employee Training Record Ethan.pdf,Employee Training,Employee Training/EthanRao,1,QM.SLQ049 A Employee Training Record Ethan.pdf,PDF,166
Employee Training/EthanRao/QM.SLQ050 A Employee Training Record Ethan.pdf,Employee Training,Employee Training/EthanRao,1,QM.SLQ050 A Employee Training Record Ethan.pdf,PDF,165
Employee Training/EthanRao/QMSLQ19C -26C -43A Employee Training Record Ethan.pdf,Employee Training,Employee Training/EthanRao,1,QMSLQ19C -26C -43A Employee Training Record Ethan.pdf,PDF,172
Employee Training/EthanRao/QSR 2022 Employee Training Record Ethan.pdf,Employee Training,Employee Training/EthanRao,1,QSR 2022 Employee Training Record Ethan.pdf,PDF,4576
Employee Training/EthanRao/QSR QM.HX003A - 004A -012A Employee Training Record_ER.pdf,Employee Training,Employee Training/EthanRao,1,QSR QM.HX003A - 004A -012A Employee Training Record_ER.pdf,PDF,1860
Employee Training/EthanRao/Resume- Ethan Rao  (Dec '22).pdf,Employee Training,Employee Training/EthanRao,1,Resume- Ethan Rao  (Dec '22).pdf,PDF,143
Employee Training/EthanRao/Silq QSR 2023 Employee Training Record Ethan.pdf,Employee Training,Employee Training/EthanRao,1,Silq QSR 2023 Employee Training Record Ethan.pdf,PDF,4632
Employee Training/EthanRao/Silq QSR 2024 Employee Training Record Ethan.pdf,Employee Training,Employee Training/EthanRao,1,Silq QSR 2024 Employee Training Record Ethan.pdf,PDF,6518
Employee Training/EthanRao/Silq QSR 2025 Employee Training Record Ethan.pdf,Employee Training,Employee Training/EthanRao,1,Silq QSR 2025 Employee Training Record Ethan.pdf,PDF,4649
Employee Training/EthanRao/Training Record QM.HX001A QM.HX002A QM.HX026A Ethan.pdf,Employee Training,Employee Training/EthanRao,1,Training Record QM.HX001A QM.HX002A QM.HX026A Ethan.pdf,PDF,673
Employee Training/EthanRao/Training Record QM.HX005A -006A -007A -008A -009A -010A ER.pdf,Employee Training,Employee Training/EthanRao,1,Training Record QM.HX005A -006A -007A -008A -009A -010A ER.pdf,PDF,529
Employee Training/EthanRao/Training Record QM.HX011A -13A -15A -16A -18A ER.pdf,Employee Training,Employee Training/EthanRao,1,Training Record QM.HX011A -13A -15A -16A -18A ER.pdf,PDF,457
Employee Training/EthanRao/Training Record QM.HX019A -20A -27A -28A ER.pdf,Employee Training,Employee Training/EthanRao,1,Training Record QM.HX019A -20A -27A -28A ER.pdf,PDF,396
Employee Training/EthanRao/Training Record QM.HX035A -39A -40A Ethan.pdf,Employee Training,Employee Training/EthanRao,1,Training Record QM.HX035A -39A -40A Ethan.pdf,PDF,424
Employee Training/Silq Training Matrix.pdf,Employee Training,Employee Training,0,Silq Training Matrix.pdf,PDF,583
Environmental Monitoring/Silq Environmental Monitoring Log.pdf,Environmental Monitoring,Environmental Monitoring,0,Silq Environmental Monitoring Log.pdf,PDF,269
Environmental Monitoring/Water quality report 20 Sep 2022 - DocsCH_2278091.pdf,Environmental Monitoring,Environmental Monitoring,0,Water quality report 20 Sep 2022 - DocsCH_2278091.pdf,PDF,563
Environmental Monitoring/Water quality report 29 Aug 2022 - DocsCH_2277432.pdf,Environmental Monitoring,Environmental Monitoring,0,Water quality report 29 Aug 2022 - DocsCH_2277432.pdf,PDF,768
Environmental Monitoring/Water quality report CH 2371431 - Sampled 28 Feb 2023.pdf,Environmental Monitoring,Environmental Monitoring,0,Water quality report CH 2371431 - Sampled 28 Feb 2023.pdf,PDF,1039
Environmental Monitoring/Water Quality Report CH 2570004 - Sampled 10 Jan 2025.pdf,Environmental Monitoring,Environmental Monitoring,0,Water Quality Report CH 2570004 - Sampled 10 Jan 2025.pdf,PDF,1581
Equipment (Calibrations)/Silq Equipment Master List.pdf,Equipment (Calibrations),Equipment (Calibrations),0,Silq Equipment Master List.pdf,PDF,348
"Equipment (Calibrations)/ST-006/Equipment Requirements Form, Equip ID ST-006 - Floor Scale, Concentrate Reactor.pdf",Equipment (Calibrations),Equipment (Calibrations)/ST-006,1,"Equipment Requirements Form, Equip ID ST-006 - Floor Scale, Concentrate Reactor.pdf",PDF,255
"Equipment (Calibrations)/ST-006/Equipment Service Log, ST-006, Floor Scale, Concentrate Reactor.pdf",Equipment (Calibrations),Equipment (Calibrations)/ST-006,1,"Equipment Service Log, ST-006, Floor Scale, Concentrate Reactor.pdf",PDF,294
"Equipment (Calibrations)/ST-006/Microprecision Calibration Certificate, ST-006, 07 Sep 2022.pdf",Equipment (Calibrations),Equipment (Calibrations)/ST-006,1,"Microprecision Calibration Certificate, ST-006, 07 Sep 2022.pdf",PDF,89
"Equipment (Calibrations)/ST-006/Microprecision Calibration Certificate, ST-006, 11 Dec 2024.pdf",Equipment (Calibrations),Equipment (Calibrations)/ST-006,1,"Microprecision Calibration Certificate, ST-006, 11 Dec 2024.pdf",PDF,2151
Equipment (Calibrations)/ST-006/SP-ST-006 - Attachment 1 - OP-900 Series Indicator User's Manual.pdf,Equipment (Calibrations),Equipment (Calibrations)/ST-006,1,SP-ST-006 - Attachment 1 - OP-900 Series Indicator User's Manual.pdf,PDF,2054
Equipment (Calibrations)/ST-006/SP-ST006 B - Attachment 1 - OP-900 Series Indicator User's Manual.pdf,Equipment (Calibrations),Equipment (Calibrations)/ST-006,1,SP-ST006 B - Attachment 1 - OP-900 Series Indicator User's Manual.pdf,PDF,2054
"Equipment (Calibrations)/ST-006/SP-ST006 B Source Control Specification, Floor Scale, Concentrate Reactor.docx",Equipment (Calibrations),Equipment (Calibrations)/ST-006,1,"SP-ST006 B Source Control Specification, Floor Scale, Concentrate Reactor.docx",Word,250
Equipment (Calibrations)/ST-006/ST-006 Floor Scale Reactor Cal. Cert. 11 DEC 2025.pdf,Equipment (Calibrations),Equipment (Calibrations)/ST-006,1,ST-006 Floor Scale Reactor Cal. Cert. 11 DEC 2025.pdf,PDF,2200
Equipment (Calibrations)/ST-006/Tag In - ST-006 - Nov2023-001 19Dec2024.pdf,Equipment (Calibrations),Equipment (Calibrations)/ST-006,1,Tag In - ST-006 - Nov2023-001 19Dec2024.pdf,PDF,806
"Equipment (Calibrations)/ST-007/Equipment Requirements Form, Equip ID ST-007 - Floor Scale, Suspension.pdf",Equipment (Calibrations),Equipment (Calibrations)/ST-007,1,"Equipment Requirements Form, Equip ID ST-007 - Floor Scale, Suspension.pdf",PDF,255
"Equipment (Calibrations)/ST-007/Equipment Service Log, ST-007, Floor Scale, Suspension.pdf",Equipment (Calibrations),Equipment (Calibrations)/ST-007,1,"Equipment Service Log, ST-007, Floor Scale, Suspension.pdf",PDF,333
"Equipment (Calibrations)/ST-007/Microprecision Calibration Certificate, ST-007, 09 Sep 2022.pdf",Equipment (Calibrations),Equipment (Calibrations)/ST-007,1,"Microprecision Calibration Certificate, ST-007, 09 Sep 2022.pdf",PDF,89
"Equipment (Calibrations)/ST-007/Microprecision Calibration Certificate, ST-007, 11 Dec 2024.pdf",Equipment (Calibrations),Equipment (Calibrations)/ST-007,1,"Microprecision Calibration Certificate, ST-007, 11 Dec 2024.pdf",PDF,2141
"Equipment (Calibrations)/ST-007/SP-E.SLQ007 B Source Control Specification, Floor Scale, Suspension.docx",Equipment (Calibrations),Equipment (Calibrations)/ST-007,1,"SP-E.SLQ007 B Source Control Specification, Floor Scale, Suspension.docx",Word,253
Equipment (Calibrations)/ST-007/SP-ST-007 - Attachment 1 - 318506 Operation Manual.pdf,Equipment (Calibrations),Equipment (Calibrations)/ST-007,1,SP-ST-007 - Attachment 1 - 318506 Operation Manual.pdf,PDF,1815
Equipment (Calibrations)/ST-007/ST-007 Floor Scale Susp. Cal. Cert. 11 DEC 2025.pdf,Equipment (Calibrations),Equipment (Calibrations)/ST-007,1,ST-007 Floor Scale Susp. Cal. Cert. 11 DEC 2025.pdf,PDF,2227
Equipment (Calibrations)/ST-007/Tag In - ST-007 - NOV2023-002 19Dec2024.pdf,Equipment (Calibrations),Equipment (Calibrations)/ST-007,1,Tag In - ST-007 - NOV2023-002 19Dec2024.pdf,PDF,800
Equipment (Calibrations)/ST-011/12.13.24 Nanotech Energy Inc Fume Hood Survey 2024.pdf,Equipment (Calibrations),Equipment (Calibrations)/ST-011,1,12.13.24 Nanotech Energy Inc Fume Hood Survey 2024.pdf,PDF,613
Equipment (Calibrations)/ST-011/20531B - Nanotech Energy Fume Hood Survey 20 Nov 2023.pdf,Equipment (Calibrations),Equipment (Calibrations)/ST-011,1,20531B - Nanotech Energy Fume Hood Survey 20 Nov 2023.pdf,PDF,519
"Equipment (Calibrations)/ST-011/Equipment Requirements Form, Equip ID ST-011 - Fume Hood.pdf",Equipment (Calibrations),Equipment (Calibrations)/ST-011,1,"Equipment Requirements Form, Equip ID ST-011 - Fume Hood.pdf",PDF,293
"Equipment (Calibrations)/ST-011/Equipment Service Log, ST-011, Fume Hood.pdf",Equipment (Calibrations),Equipment (Calibrations)/ST-011,1,"Equipment Service Log, ST-011, Fume Hood.pdf",PDF,380
"Equipment (Calibrations)/ST-011/IAG HVAC Test and Balance Report, Fume Hood Bi-Annual 12.09.22.pdf",Equipment (Calibrations),Equipment (Calibrations)/ST-011,1,"IAG HVAC Test and Balance Report, Fume Hood Bi-Annual 12.09.22.pdf",PDF,4871
"Equipment (Calibrations)/ST-011/SP-ST-011 SOURCE CONTROL SPECIFICATION, Fume Hood.docx",Equipment (Calibrations),Equipment (Calibrations)/ST-011,1,"SP-ST-011 SOURCE CONTROL SPECIFICATION, Fume Hood.docx",Word,250
"Equipment (Calibrations)/ST-012/Equipment Requirements Form, Equip ID ST-012 - Weighing Scale.pdf",Equipment (Calibrations),Equipment (Calibrations)/ST-012,1,"Equipment Requirements Form, Equip ID ST-012 - Weighing Scale.pdf",PDF,268
"Equipment (Calibrations)/ST-012/Equipment Service Log, ST-012, Weighing Scale.pdf",Equipment (Calibrations),Equipment (Calibrations)/ST-012,1,"Equipment Service Log, ST-012, Weighing Scale.pdf",PDF,275
Equipment (Calibrations)/ST-012/MicroPrecision - Calibration 02 Aug 2024/ST 012 Cal Report 8.7.24.pdf,Equipment (Calibrations),Equipment (Calibrations)/ST-012/MicroPrecision - Calibration 02 Aug 2024,2,ST 012 Cal Report 8.7.24.pdf,PDF,104
Equipment (Calibrations)/ST-012/MicroPrecision - Calibration 02 Aug 2024/ST 012 CoC 8.7.24.pdf,Equipment (Calibrations),Equipment (Calibrations)/ST-012/MicroPrecision - Calibration 02 Aug 2024,2,ST 012 CoC 8.7.24.pdf,PDF,165
"Equipment (Calibrations)/ST-012/Microprecision - Calibration 03 October 2022/30 Sep 2022, SILQ quote SIL-Q-093022-LA-CAR copy.pdf",Equipment (Calibrations),Equipment (Calibrations)/ST-012/Microprecision - Calibration 03 October 2022,2,"30 Sep 2022, SILQ quote SIL-Q-093022-LA-CAR copy.pdf",PDF,111
Equipment (Calibrations)/ST-012/Microprecision - Calibration 03 October 2022/Microprecision1.PDF,Equipment (Calibrations),Equipment (Calibrations)/ST-012/Microprecision - Calibration 03 October 2022,2,Microprecision1.PDF,PDF,153
Equipment (Calibrations)/ST-012/Microprecision - Calibration 03 October 2022/Microprecision2.pdf,Equipment (Calibrations),Equipment (Calibrations)/ST-012/Microprecision - Calibration 03 October 2022,2,Microprecision2.pdf,PDF,104
Equipment (Calibrations)/ST-012/SP-E.SLQ012 B - Attachment 1 - AB-S Operating Instructions.pdf,Equipment (Calibrations),Equipment (Calibrations)/ST-012,1,SP-E.SLQ012 B - Attachment 1 - AB-S Operating Instructions.pdf,PDF,1593
"Equipment (Calibrations)/ST-012/Tag Out Nov 2023, Tag In Aug 2024 - ST-012.pdf",Equipment (Calibrations),Equipment (Calibrations)/ST-012,1,"Tag Out Nov 2023, Tag In Aug 2024 - ST-012.pdf",PDF,642
"Equipment (Calibrations)/ST-017/Equipment Requirements Form, Equip ID ST-017 - Temperature Humidity Monitor BM signed.pdf",Equipment (Calibrations),Equipment (Calibrations)/ST-017,1,"Equipment Requirements Form, Equip ID ST-017 - Temperature Humidity Monitor BM signed.pdf",PDF,721
Equipment (Calibrations)/ST-017/SP-E.SLQ017 A Source Control Specification^J Temperature and Humdity Monitor.docx,Equipment (Calibrations),Equipment (Calibrations)/ST-017,1,SP-E.SLQ017 A Source Control Specification^J Temperature and Humdity Monitor.docx,Word,251
Equipment (Calibrations)/ST-017/ST-017 Calibration Certificate.pdf,Equipment (Calibrations),Equipment (Calibrations)/ST-017,1,ST-017 Calibration Certificate.pdf,PDF,642
Equipment (Calibrations)/ST-017/ST-017 Instruction Manual.pdf,Equipment (Calibrations),Equipment (Calibrations)/ST-017,1,ST-017 Instruction Manual.pdf,PDF,157
"Forms, Templates, and Travelers/Forms/FM1-QM.SLQ001 A Document Change Order Form.docx","Forms, Templates, and Travelers","Forms, Templates, and Travelers/Forms",1,FM1-QM.SLQ001 A Document Change Order Form.docx,Word,258
"Forms, Templates, and Travelers/Forms/FM1-QM.SLQ003 A Employee Training Program.docx","Forms, Templates, and Travelers","Forms, Templates, and Travelers/Forms",1,FM1-QM.SLQ003 A Employee Training Program.docx,Word,255
"Forms, Templates, and Travelers/Forms/FM1-QM.SLQ004 A Design Project Scope Form.docx","Forms, Templates, and Travelers","Forms, Templates, and Travelers/Forms",1,FM1-QM.SLQ004 A Design Project Scope Form.docx,Word,248
"Forms, Templates, and Travelers/Forms/FM1-QM.SLQ008 A Design Review Meeting Minutes Form.docx","Forms, Templates, and Travelers","Forms, Templates, and Travelers/Forms",1,FM1-QM.SLQ008 A Design Review Meeting Minutes Form.docx,Word,254
"Forms, Templates, and Travelers/Forms/FM1-QM.SLQ009 A Design VV Deviation Form.docx","Forms, Templates, and Travelers","Forms, Templates, and Travelers/Forms",1,FM1-QM.SLQ009 A Design VV Deviation Form.docx,Word,248
"Forms, Templates, and Travelers/Forms/FM1-QM.SLQ014 A Electronic Signature Acknowledgement Form.docx","Forms, Templates, and Travelers","Forms, Templates, and Travelers/Forms",1,FM1-QM.SLQ014 A Electronic Signature Acknowledgement Form.docx,Word,81
"Forms, Templates, and Travelers/Forms/FM1-QM.SLQ015 A SQ SA Survey Mfg.docx","Forms, Templates, and Travelers","Forms, Templates, and Travelers/Forms",1,FM1-QM.SLQ015 A SQ SA Survey Mfg.docx,Word,271
"Forms, Templates, and Travelers/Forms/FM1-QM.SLQ016 A CAPA Report Form.docx","Forms, Templates, and Travelers","Forms, Templates, and Travelers/Forms",1,FM1-QM.SLQ016 A CAPA Report Form.docx,Word,84
"Forms, Templates, and Travelers/Forms/FM1-QM.SLQ017 B Internal Quality Audit Schedule Form.docx","Forms, Templates, and Travelers","Forms, Templates, and Travelers/Forms",1,FM1-QM.SLQ017 B Internal Quality Audit Schedule Form.docx,Word,260
"Forms, Templates, and Travelers/Forms/FM1-QM.SLQ018 A Management Review Meeting Minutes.docx","Forms, Templates, and Travelers","Forms, Templates, and Travelers/Forms",1,FM1-QM.SLQ018 A Management Review Meeting Minutes.docx,Word,118
"Forms, Templates, and Travelers/Forms/FM1-QM.SLQ020 B Purchase Order Form.docx","Forms, Templates, and Travelers","Forms, Templates, and Travelers/Forms",1,FM1-QM.SLQ020 B Purchase Order Form.docx,Word,84
"Forms, Templates, and Travelers/Forms/FM1-QM.SLQ021 B Product Complaint File.docx","Forms, Templates, and Travelers","Forms, Templates, and Travelers/Forms",1,FM1-QM.SLQ021 B Product Complaint File.docx,Word,96
"Forms, Templates, and Travelers/Forms/FM1-QM.SLQ029 A DHR Review and Approval Form.docx","Forms, Templates, and Travelers","Forms, Templates, and Travelers/Forms",1,FM1-QM.SLQ029 A DHR Review and Approval Form.docx,Word,87
"Forms, Templates, and Travelers/Forms/FM1-QM.SLQ030 A Recall Report Submitted to FDA Form.docx","Forms, Templates, and Travelers","Forms, Templates, and Travelers/Forms",1,FM1-QM.SLQ030 A Recall Report Submitted to FDA Form.docx,Word,89
"Forms, Templates, and Travelers/Forms/FM1-QM.SLQ036 A Sales Order Form.docx","Forms, Templates, and Travelers","Forms, Templates, and Travelers/Forms",1,FM1-QM.SLQ036 A Sales Order Form.docx,Word,92
"Forms, Templates, and Travelers/Forms/FM1-QM.SLQ039 B Basic Receiving Inspection Form.docx","Forms, Templates, and Travelers","Forms, Templates, and Travelers/Forms",1,FM1-QM.SLQ039 B Basic Receiving Inspection Form.docx,Word,87
"Forms, Templates, and Travelers/Forms/FM1-QM.SLQ040 A Nonconforming Material Report Form.docx","Forms, Templates, and Travelers","Forms, Templates, and Travelers/Forms",1,FM1-QM.SLQ040 A Nonconforming Material Report Form.docx,Word,88
"Forms, Templates, and Travelers/Forms/FM1-QM.SLQ043 A Work Order Form.docx","Forms, Templates, and Travelers","Forms, Templates, and Travelers/Forms",1,FM1-QM.SLQ043 A Work Order Form.docx,Word,85
"Forms, Templates, and Travelers/Forms/FM1-QM.SLQ046 A Shipping Request Form.docx","Forms, Templates, and Travelers","Forms, Templates, and Travelers/Forms",1,FM1-QM.SLQ046 A Shipping Request Form.docx,Word,88
"Forms, Templates, and Travelers/Forms/FM1-QM.SLQ050 A Equipment Master List.xlsx","Forms, Templates, and Travelers","Forms, Templates, and Travelers/Forms",1,FM1-QM.SLQ050 A Equipment Master List.xlsx,Excel,13
"Forms, Templates, and Travelers/Forms/FM1-QM.SLQ051 A Environmental Monitoring Log.docx","Forms, Templates, and Travelers","Forms, Templates, and Travelers/Forms",1,FM1-QM.SLQ051 A Environmental Monitoring Log.docx,Word,90
"Forms, Templates, and Travelers/Forms/FM2-QM.SLQ001 A Authorized Approvers Form.docx","Forms, Templates, and Travelers","Forms, Templates, and Travelers/Forms",1,FM2-QM.SLQ001 A Authorized Approvers Form.docx,Word,251
"Forms, Templates, and Travelers/Forms/FM2-QM.SLQ003 B Employee Training Record.docx","Forms, Templates, and Travelers","Forms, Templates, and Travelers/Forms",1,FM2-QM.SLQ003 B Employee Training Record.docx,Word,252
"Forms, Templates, and Travelers/Forms/FM2-QM.SLQ015 A SQ SA Survey Test Srvcs.docx","Forms, Templates, and Travelers","Forms, Templates, and Travelers/Forms",1,FM2-QM.SLQ015 A SQ SA Survey Test Srvcs.docx,Word,101
"Forms, Templates, and Travelers/Forms/FM2-QM.SLQ017 A Internal Quality Audit Checklist.docx","Forms, Templates, and Travelers","Forms, Templates, and Travelers/Forms",1,FM2-QM.SLQ017 A Internal Quality Audit Checklist.docx,Word,151
"Forms, Templates, and Travelers/Forms/FM2-QM.SLQ030 A FSCA Report Form.docx","Forms, Templates, and Travelers","Forms, Templates, and Travelers/Forms",1,FM2-QM.SLQ030 A FSCA Report Form.docx,Word,81
"Forms, Templates, and Travelers/Forms/FM2-QM.SLQ039 A General Inspection Form.docx","Forms, Templates, and Travelers","Forms, Templates, and Travelers/Forms",1,FM2-QM.SLQ039 A General Inspection Form.docx,Word,85
"Forms, Templates, and Travelers/Forms/FM2-QM.SLQ040 A NCMR Log.docx","Forms, Templates, and Travelers","Forms, Templates, and Travelers/Forms",1,FM2-QM.SLQ040 A NCMR Log.docx,Word,83
"Forms, Templates, and Travelers/Forms/FM2-QM.SLQ050 A Equipment Requirements Form.docx","Forms, Templates, and Travelers","Forms, Templates, and Travelers/Forms",1,FM2-QM.SLQ050 A Equipment Requirements Form.docx,Word,92
"Forms, Templates, and Travelers/Forms/FM3-QM.SLQ015 A Cat II Supplier Assessment Form.docx","Forms, Templates, and Travelers","Forms, Templates, and Travelers/Forms",1,FM3-QM.SLQ015 A Cat II Supplier Assessment Form.docx,Word,87
"Forms, Templates, and Travelers/Forms/FM3-QM.SLQ017 A Internal Quality Audit Final Report.docx","Forms, Templates, and Travelers","Forms, Templates, and Travelers/Forms",1,FM3-QM.SLQ017 A Internal Quality Audit Final Report.docx,Word,85
"Forms, Templates, and Travelers/Forms/FM3-QM.SLQ030 A Field Safety Notice Form.docx","Forms, Templates, and Travelers","Forms, Templates, and Travelers/Forms",1,FM3-QM.SLQ030 A Field Safety Notice Form.docx,Word,88
"Forms, Templates, and Travelers/Forms/FM3-QM.SLQ050 A Equipment Service Log.docx","Forms, Templates, and Travelers","Forms, Templates, and Travelers/Forms",1,FM3-QM.SLQ050 A Equipment Service Log.docx,Word,93
"Forms, Templates, and Travelers/Forms/FM4-QM.SLQ015 A Supplier Re-Evaluation Form.docx","Forms, Templates, and Travelers","Forms, Templates, and Travelers/Forms",1,FM4-QM.SLQ015 A Supplier Re-Evaluation Form.docx,Word,88
"Forms, Templates, and Travelers/Forms/FM4-QM.SLQ017 A Certificate of Internal Audit.docx","Forms, Templates, and Travelers","Forms, Templates, and Travelers/Forms",1,FM4-QM.SLQ017 A Certificate of Internal Audit.docx,Word,88
"Forms, Templates, and Travelers/Forms/FM4-QM.SLQ030 A Advisory and Recall Notices Distribution Log Form.docx","Forms, Templates, and Travelers","Forms, Templates, and Travelers/Forms",1,FM4-QM.SLQ030 A Advisory and Recall Notices Distribution Log Form.docx,Word,86
"Forms, Templates, and Travelers/Forms/FM4-QM.SLQ050 A Unscheduled Maintenance-CAL Out of Tolerance Investigation Form.docx","Forms, Templates, and Travelers","Forms, Templates, and Travelers/Forms",1,FM4-QM.SLQ050 A Unscheduled Maintenance-CAL Out of Tolerance Investigation Form.docx,Word,91
"Forms, Templates, and Travelers/Forms/FM5-QM.SLQ015 A Certificate of Audit Form.docx","Forms, Templates, and Travelers","Forms, Templates, and Travelers/Forms",1,FM5-QM.SLQ015 A Certificate of Audit Form.docx,Word,86
"Forms, Templates, and Travelers/Forms/FM5-QM.SLQ017 A Auditor Qualification Record.docx","Forms, Templates, and Travelers","Forms, Templates, and Travelers/Forms",1,FM5-QM.SLQ017 A Auditor Qualification Record.docx,Word,85
"Forms, Templates, and Travelers/Forms/FM5-QM.SLQ050 A Tag Out Information Form.docx","Forms, Templates, and Travelers","Forms, Templates, and Travelers/Forms",1,FM5-QM.SLQ050 A Tag Out Information Form.docx,Word,89
"Forms, Templates, and Travelers/Forms/FM6-QM.SLQ015 B Approved Supplier List Form.docx","Forms, Templates, and Travelers","Forms, Templates, and Travelers/Forms",1,FM6-QM.SLQ015 B Approved Supplier List Form.docx,Word,87
"Forms, Templates, and Travelers/Forms/FM6-QM.SLQ050 A Tag Out Tag.docx","Forms, Templates, and Travelers","Forms, Templates, and Travelers/Forms",1,FM6-QM.SLQ050 A Tag Out Tag.docx,Word,91
"Forms, Templates, and Travelers/Forms/FM7-QM.SLQ015 A Supplier Assess Schedule Form.docx","Forms, Templates, and Travelers","Forms, Templates, and Travelers/Forms",1,FM7-QM.SLQ015 A Supplier Assess Schedule Form.docx,Word,88
"Forms, Templates, and Travelers/Forms/FM8-QM.SLQ015 A Supplier Correct Action Req Form.docx","Forms, Templates, and Travelers","Forms, Templates, and Travelers/Forms",1,FM8-QM.SLQ015 A Supplier Correct Action Req Form.docx,Word,89
"Forms, Templates, and Travelers/Templates/TMP1-QC-C.SLQ001 B Template, Suspension Quality Control Report.docx","Forms, Templates, and Travelers","Forms, Templates, and Travelers/Templates",1,"TMP1-QC-C.SLQ001 B Template, Suspension Quality Control Report.docx",Word,78
"Forms, Templates, and Travelers/Templates/TMP1-QM.SLQ001 A Controlled Document Template.docx","Forms, Templates, and Travelers","Forms, Templates, and Travelers/Templates",1,TMP1-QM.SLQ001 A Controlled Document Template.docx,Word,321
"Forms, Templates, and Travelers/Templates/TMP1-QM.SLQ005 A Design Project Plan Template.docx","Forms, Templates, and Travelers","Forms, Templates, and Travelers/Templates",1,TMP1-QM.SLQ005 A Design Project Plan Template.docx,Word,256
"Forms, Templates, and Travelers/Templates/TMP1-QM.SLQ006 A User Needs Design Input Template.docx","Forms, Templates, and Travelers","Forms, Templates, and Travelers/Templates",1,TMP1-QM.SLQ006 A User Needs Design Input Template.docx,Word,256
"Forms, Templates, and Travelers/Templates/TMP1-QM.SLQ007 A Source Control Specification Template.docx","Forms, Templates, and Travelers","Forms, Templates, and Travelers/Templates",1,TMP1-QM.SLQ007 A Source Control Specification Template.docx,Word,250
"Forms, Templates, and Travelers/Templates/TMP1-QM.SLQ009 A Design VV Test Plan Template.docx","Forms, Templates, and Travelers","Forms, Templates, and Travelers/Templates",1,TMP1-QM.SLQ009 A Design VV Test Plan Template.docx,Word,326
"Forms, Templates, and Travelers/Templates/TMP1-QM.SLQ010 A Clinical Transfer Checklist Template.docx","Forms, Templates, and Travelers","Forms, Templates, and Travelers/Templates",1,TMP1-QM.SLQ010 A Clinical Transfer Checklist Template.docx,Word,257
"Forms, Templates, and Travelers/Templates/TMP1-QM.SLQ012 B Risk Management Plan Template.docx","Forms, Templates, and Travelers","Forms, Templates, and Travelers/Templates",1,TMP1-QM.SLQ012 B Risk Management Plan Template.docx,Word,322
"Forms, Templates, and Travelers/Templates/TMP1-QM.SLQ013 B Preliminary Hazard Analysis Template.docx","Forms, Templates, and Travelers","Forms, Templates, and Travelers/Templates",1,TMP1-QM.SLQ013 B Preliminary Hazard Analysis Template.docx,Word,332
"Forms, Templates, and Travelers/Templates/TMP1-QM.SLQ021 A Template, Complaint Reponse Letter.docx","Forms, Templates, and Travelers","Forms, Templates, and Travelers/Templates",1,"TMP1-QM.SLQ021 A Template, Complaint Reponse Letter.docx",Word,701
"Forms, Templates, and Travelers/Templates/TMP1-QM.SLQ045 A Quarantine Label Template.dymo","Forms, Templates, and Travelers","Forms, Templates, and Travelers/Templates",1,TMP1-QM.SLQ045 A Quarantine Label Template.dymo,File,38
"Forms, Templates, and Travelers/Templates/TMP1-QM.SLQ046 A Template, Packing List.docx","Forms, Templates, and Travelers","Forms, Templates, and Travelers/Templates",1,"TMP1-QM.SLQ046 A Template, Packing List.docx",Word,46
"Forms, Templates, and Travelers/Templates/TMP2-QC-C.SLQ001 A Template, Certificate of Analysis, Suspension.docx","Forms, Templates, and Travelers","Forms, Templates, and Travelers/Templates",1,"TMP2-QC-C.SLQ001 A Template, Certificate of Analysis, Suspension.docx",Word,96
"Forms, Templates, and Travelers/Templates/TMP2-QM.SLQ006 A Prod Reqmnts Design Input Template.docx","Forms, Templates, and Travelers","Forms, Templates, and Travelers/Templates",1,TMP2-QM.SLQ006 A Prod Reqmnts Design Input Template.docx,Word,257
"Forms, Templates, and Travelers/Templates/TMP2-QM.SLQ007 A Design Input Output Matrix Template.docx","Forms, Templates, and Travelers","Forms, Templates, and Travelers/Templates",1,TMP2-QM.SLQ007 A Design Input Output Matrix Template.docx,Word,252
"Forms, Templates, and Travelers/Templates/TMP2-QM.SLQ009 A Design VV Protocol Template.docx","Forms, Templates, and Travelers","Forms, Templates, and Travelers/Templates",1,TMP2-QM.SLQ009 A Design VV Protocol Template.docx,Word,325
"Forms, Templates, and Travelers/Templates/TMP2-QM.SLQ010 A Design Transfer Checklist Template.docx","Forms, Templates, and Travelers","Forms, Templates, and Travelers/Templates",1,TMP2-QM.SLQ010 A Design Transfer Checklist Template.docx,Word,256
"Forms, Templates, and Travelers/Templates/TMP2-QM.SLQ013 B Hazards Analysis Table.xlsx","Forms, Templates, and Travelers","Forms, Templates, and Travelers/Templates",1,TMP2-QM.SLQ013 B Hazards Analysis Table.xlsx,Excel,244
"Forms, Templates, and Travelers/Templates/TMP3-QM.SLQ009 A Design VV Final Report Template.docx","Forms, Templates, and Travelers","Forms, Templates, and Travelers/Templates",1,TMP3-QM.SLQ009 A Design VV Final Report Template.docx,Word,319
"Forms, Templates, and Travelers/Templates/TMP3-QM.SLQ013 A FMEA Worksheet Template.xlsx","Forms, Templates, and Travelers","Forms, Templates, and Travelers/Templates",1,TMP3-QM.SLQ013 A FMEA Worksheet Template.xlsx,Excel,255
"Forms, Templates, and Travelers/Travelers/TR-C.SLQ001 B Suspension Processing Traveler.docx","Forms, Templates, and Travelers","Forms, Templates, and Travelers/Travelers",1,TR-C.SLQ001 B Suspension Processing Traveler.docx,Word,73
Internal & Supplier Audits/FDA2025/2025 Div 2 South FORM-000300_Inspectional Handout OII.pdf,Internal & Supplier Audits,Internal & Supplier Audits/FDA2025,1,2025 Div 2 South FORM-000300_Inspectional Handout OII.pdf,PDF,147
Internal & Supplier Audits/FDA2025/FDA Form 483 Dated 16 Oct 2025 f326708.pdf,Internal & Supplier Audits,Internal & Supplier Audits/FDA2025,1,FDA Form 483 Dated 16 Oct 2025 f326708.pdf,PDF,288
Internal & Supplier Audits/FDA2025/Silq FDA 483 Response.pdf,Internal & Supplier Audits,Internal & Supplier Audits/FDA2025,1,Silq FDA 483 Response.pdf,PDF,846
Internal & Supplier Audits/FDA2025/Silq Technologies Corp EIR_reviewed FDA insp rep 11.17.25.pdf,Internal & Supplier Audits,Internal & Supplier Audits/FDA2025,1,Silq Technologies Corp EIR_reviewed FDA insp rep 11.17.25.pdf,PDF,1399
Internal & Supplier Audits/IA2023/Agenda - SILQ (Nov 2023) Rev A.pdf,Internal & Supplier Audits,Internal & Supplier Audits/IA2023,1,Agenda - SILQ (Nov 2023) Rev A.pdf,PDF,447
Internal & Supplier Audits/IA2023/Audit Plan - SILQ (Nov 2023) Rev A - Signed.pdf,Internal & Supplier Audits,Internal & Supplier Audits/IA2023,1,Audit Plan - SILQ (Nov 2023) Rev A - Signed.pdf,PDF,238
Internal & Supplier Audits/IA2023/Audit Report - SIL IAR-2023-01.pdf,Internal & Supplier Audits,Internal & Supplier Audits/IA2023,1,Audit Report - SIL IAR-2023-01.pdf,PDF,725
"Internal & Supplier Audits/IA2023/Certificate of Internal Audit, Audit No 23-01.pdf",Internal & Supplier Audits,Internal & Supplier Audits/IA2023,1,"Certificate of Internal Audit, Audit No 23-01.pdf",PDF,298
"Internal & Supplier Audits/IA2023/F-0028 Ver C DGII 21 CFR, Part 803 & 806 Checklist - Silq (Nov 2023).pdf",Internal & Supplier Audits,Internal & Supplier Audits/IA2023,1,"F-0028 Ver C DGII 21 CFR, Part 803 & 806 Checklist - Silq (Nov 2023).pdf",PDF,239
Internal & Supplier Audits/IA2023/F-0080 Ver A DGII ISO 13485-2016 Checklist - SILQ (Nov 2023).pdf,Internal & Supplier Audits,Internal & Supplier Audits/IA2023,1,F-0080 Ver A DGII ISO 13485-2016 Checklist - SILQ (Nov 2023).pdf,PDF,534
Internal & Supplier Audits/IA2024/Agenda - SILQ (Jan 2025).pdf,Internal & Supplier Audits,Internal & Supplier Audits/IA2024,1,Agenda - SILQ (Jan 2025).pdf,PDF,446
Internal & Supplier Audits/IA2024/Audit 24-01 A Certificate of Internal Audit.pdf,Internal & Supplier Audits,Internal & Supplier Audits/IA2024,1,Audit 24-01 A Certificate of Internal Audit.pdf,PDF,930
Internal & Supplier Audits/IA2024/Audit Attendance Sheet - (Jan 2025).pdf,Internal & Supplier Audits,Internal & Supplier Audits/IA2024,1,Audit Attendance Sheet - (Jan 2025).pdf,PDF,273
Internal & Supplier Audits/IA2024/Audit Plan - SILQ (Jan 2025).pdf,Internal & Supplier Audits,Internal & Supplier Audits/IA2024,1,Audit Plan - SILQ (Jan 2025).pdf,PDF,228
Internal & Supplier Audits/IA2024/Audit Report - SIL IAR-2025-01 - Final.pdf,Internal & Supplier Audits,Internal & Supplier Audits/IA2024,1,Audit Report - SIL IAR-2025-01 - Final.pdf,PDF,702
"Internal & Supplier Audits/IA2024/F-0028 Ver C DGII 21 CFR, Part 803 & 806 Checklist - Silq (Jan 2025).pdf",Internal & Supplier Audits,Internal & Supplier Audits/IA2024,1,"F-0028 Ver C DGII 21 CFR, Part 803 & 806 Checklist - Silq (Jan 2025).pdf",PDF,185
"Internal & Supplier Audits/IA2024/F-0028 Ver C DGII 21 CFR, Part 803 & 806 Checklist - Silq (Nov 2023).pdf",Internal & Supplier Audits,Internal & Supplier Audits/IA2024,1,"F-0028 Ver C DGII 21 CFR, Part 803 & 806 Checklist - Silq (Nov 2023).pdf",PDF,239
Internal & Supplier Audits/IA2024/F-0080 Ver A DGII ISO 13485-2016 Checklist - SILQ (Jan 2025).pdf,Internal & Supplier Audits,Internal & Supplier Audits/IA2024,1,F-0080 Ver A DGII ISO 13485-2016 Checklist - SILQ (Jan 2025).pdf,PDF,654
Internal & Supplier Audits/IA2024/F-0080 Ver A DGII ISO 13485-2016 Checklist - SILQ (Nov 2023).pdf,Internal & Supplier Audits,Internal & Supplier Audits/IA2024,1,F-0080 Ver A DGII ISO 13485-2016 Checklist - SILQ (Nov 2023).pdf,PDF,534
Internal & Supplier Audits/Silq Audit Log.xlsx,Internal & Supplier Audits,Internal & Supplier Audits,0,Silq Audit Log.xlsx,Excel,48
Internal & Supplier Audits/Silq Technologies Corp EIR_reviewed FDA insp rep 11.17.25.pdf,Internal & Supplier Audits,Internal & Supplier Audits,0,Silq Technologies Corp EIR_reviewed FDA insp rep 11.17.25.pdf,PDF,1399
Internal & Supplier Audits/SupplierAudits/22-01 Pathway/Audit 22-01 Final Report - Pathway.pdf,Internal & Supplier Audits,Internal & Supplier Audits/SupplierAudits/22-01 Pathway,2,Audit 22-01 Final Report - Pathway.pdf,PDF,263
Internal & Supplier Audits/SupplierAudits/22-01 Pathway/Audit 22-01 Quality Audit Checklist final.pdf,Internal & Supplier Audits,Internal & Supplier Audits/SupplierAudits/22-01 Pathway,2,Audit 22-01 Quality Audit Checklist final.pdf,PDF,1114
"Internal & Supplier Audits/SupplierAudits/22-01 Pathway/Pathway Supplier Audit Plan - Sep 28-29, 2022.doc",Internal & Supplier Audits,Internal & Supplier Audits/SupplierAudits/22-01 Pathway,2,"Pathway Supplier Audit Plan - Sep 28-29, 2022.doc",Word,58
Internal & Supplier Audits/SupplierAudits/23-01 Pathway/(PathwayResponseDocs)AUD-23-012/AUD-23-012_Audit Response Report - signed 10Mar2025.pdf,Internal & Supplier Audits,Internal & Supplier Audits/SupplierAudits/23-01 Pathway/(PathwayResponseDocs)AUD-23-012,3,AUD-23-012_Audit Response Report - signed 10Mar2025.pdf,PDF,1477
Internal & Supplier Audits/SupplierAudits/23-01 Pathway/(PathwayResponseDocs)AUD-23-012/CAPA-23-0008/CAPA-23-0008 Phase 0 - signed 03-24-2025.pdf,Internal & Supplier Audits,Internal & Supplier Audits/SupplierAudits/23-01 Pathway/(PathwayResponseDocs)AUD-23-012/CAPA-23-0008,4,CAPA-23-0008 Phase 0 - signed 03-24-2025.pdf,PDF,542
Internal & Supplier Audits/SupplierAudits/23-01 Pathway/(PathwayResponseDocs)AUD-23-012/CAPA-23-0008/CAPA-23-0008 Phase 1 - signed 03-27-2025.pdf,Internal & Supplier Audits,Internal & Supplier Audits/SupplierAudits/23-01 Pathway/(PathwayResponseDocs)AUD-23-012/CAPA-23-0008,4,CAPA-23-0008 Phase 1 - signed 03-27-2025.pdf,PDF,487
Internal & Supplier Audits/SupplierAudits/23-01 Pathway/(PathwayResponseDocs)AUD-23-012/CAPA-23-0008/CAPA-23-0008 Phase 2 signed 06-30-2025.pdf,Internal & Supplier Audits,Internal & Supplier Audits/SupplierAudits/23-01 Pathway/(PathwayResponseDocs)AUD-23-012/CAPA-23-0008,4,CAPA-23-0008 Phase 2 signed 06-30-2025.pdf,PDF,704
Internal & Supplier Audits/SupplierAudits/23-01 Pathway/(PathwayResponseDocs)AUD-23-012/CAPA-23-0008/CAPA-23-0008 Phase 3 - signed 07-03-2025.pdf,Internal & Supplier Audits,Internal & Supplier Audits/SupplierAudits/23-01 Pathway/(PathwayResponseDocs)AUD-23-012/CAPA-23-0008,4,CAPA-23-0008 Phase 3 - signed 07-03-2025.pdf,PDF,449
Internal & Supplier Audits/SupplierAudits/23-01 Pathway/(PathwayResponseDocs)AUD-23-012/CAPA-23-0008/CAPA-23-0008 Phase 4 Extension - signed 10-03-2025.pdf,Internal & Supplier Audits,Internal & Supplier Audits/SupplierAudits/23-01 Pathway/(PathwayResponseDocs)AUD-23-012/CAPA-23-0008,4,CAPA-23-0008 Phase 4 Extension - signed 10-03-2025.pdf,PDF,462
Internal & Supplier Audits/SupplierAudits/23-01 Pathway/(PathwayResponseDocs)AUD-23-012/CAPA-24-001/CAPA-24-001 Phase 0 - signed 10Mar2025.pdf,Internal & Supplier Audits,Internal & Supplier Audits/SupplierAudits/23-01 Pathway/(PathwayResponseDocs)AUD-23-012/CAPA-24-001,4,CAPA-24-001 Phase 0 - signed 10Mar2025.pdf,PDF,557
Internal & Supplier Audits/SupplierAudits/23-01 Pathway/(PathwayResponseDocs)AUD-23-012/CAPA-24-001/CAPA-24-001 Phase 1 Signed 03-12-2025.pdf,Internal & Supplier Audits,Internal & Supplier Audits/SupplierAudits/23-01 Pathway/(PathwayResponseDocs)AUD-23-012/CAPA-24-001,4,CAPA-24-001 Phase 1 Signed 03-12-2025.pdf,PDF,492
Internal & Supplier Audits/SupplierAudits/23-01 Pathway/(PathwayResponseDocs)AUD-23-012/CAPA-24-001/CAPA-24-001 Phase 2 - signed 04-02-2025.pdf,Internal & Supplier Audits,Internal & Supplier Audits/SupplierAudits/23-01 Pathway/(PathwayResponseDocs)AUD-23-012/CAPA-24-001,4,CAPA-24-001 Phase 2 - signed 04-02-2025.pdf,PDF,927
Internal & Supplier Audits/SupplierAudits/23-01 Pathway/(PathwayResponseDocs)AUD-23-012/CAPA-24-001/CAPA-24-001 Phase 3 - signed 04-16-2025.pdf,Internal & Supplier Audits,Internal & Supplier Audits/SupplierAudits/23-01 Pathway/(PathwayResponseDocs)AUD-23-012/CAPA-24-001,4,CAPA-24-001 Phase 3 - signed 04-16-2025.pdf,PDF,513
Internal & Supplier Audits/SupplierAudits/23-01 Pathway/(PathwayResponseDocs)AUD-23-012/CAPA-24-001/CAPA-24-001 Phase 4 - signed 07152025.pdf,Internal & Supplier Audits,Internal & Supplier Audits/SupplierAudits/23-01 Pathway/(PathwayResponseDocs)AUD-23-012/CAPA-24-001,4,CAPA-24-001 Phase 4 - signed 07152025.pdf,PDF,550
Internal & Supplier Audits/SupplierAudits/23-01 Pathway/(PathwayResponseDocs)AUD-23-012/CAPA-24-003/CAPA 24-003.pdf,Internal & Supplier Audits,Internal & Supplier Audits/SupplierAudits/23-01 Pathway/(PathwayResponseDocs)AUD-23-012/CAPA-24-003,4,CAPA 24-003.pdf,PDF,1346
Internal & Supplier Audits/SupplierAudits/23-01 Pathway/(PathwayResponseDocs)AUD-23-012/CAPA-24-005/CAPA-24-005 Phase 0 - signed 03-14-2025.pdf,Internal & Supplier Audits,Internal & Supplier Audits/SupplierAudits/23-01 Pathway/(PathwayResponseDocs)AUD-23-012/CAPA-24-005,4,CAPA-24-005 Phase 0 - signed 03-14-2025.pdf,PDF,492
Internal & Supplier Audits/SupplierAudits/23-01 Pathway/(PathwayResponseDocs)AUD-23-012/CAPA-24-005/CAPA-24-005 Phase 1 - signed 03-21-2025.pdf,Internal & Supplier Audits,Internal & Supplier Audits/SupplierAudits/23-01 Pathway/(PathwayResponseDocs)AUD-23-012/CAPA-24-005,4,CAPA-24-005 Phase 1 - signed 03-21-2025.pdf,PDF,477
Internal & Supplier Audits/SupplierAudits/23-01 Pathway/(PathwayResponseDocs)AUD-23-012/CAPA-24-005/CAPA-24-005 Phase 2 - signed 05-28-2025.pdf,Internal & Supplier Audits,Internal & Supplier Audits/SupplierAudits/23-01 Pathway/(PathwayResponseDocs)AUD-23-012/CAPA-24-005,4,CAPA-24-005 Phase 2 - signed 05-28-2025.pdf,PDF,370
Internal & Supplier Audits/SupplierAudits/23-01 Pathway/(PathwayResponseDocs)AUD-23-012/CAPA-24-005/CAPA-24-005 Phase 3 - signed 06-05-2025.pdf,Internal & Supplier Audits,Internal & Supplier Audits/SupplierAudits/23-01 Pathway/(PathwayResponseDocs)AUD-23-012/CAPA-24-005,4,CAPA-24-005 Phase 3 - signed 06-05-2025.pdf,PDF,440
Internal & Supplier Audits/SupplierAudits/23-01 Pathway/(PathwayResponseDocs)AUD-23-012/CAPA-24-005/CAPA-24-005 Phase 4 - signed 09-11-2025.pdf,Internal & Supplier Audits,Internal & Supplier Audits/SupplierAudits/23-01 Pathway/(PathwayResponseDocs)AUD-23-012/CAPA-24-005,4,CAPA-24-005 Phase 4 - signed 09-11-2025.pdf,PDF,945
Internal & Supplier Audits/SupplierAudits/23-01 Pathway/(PathwayResponseDocs)AUD-23-012/CAPA-24-005/CAPA-24-005 Phase 4 Extension - signed 07-22-2025.pdf,Internal & Supplier Audits,Internal & Supplier Audits/SupplierAudits/23-01 Pathway/(PathwayResponseDocs)AUD-23-012/CAPA-24-005,4,CAPA-24-005 Phase 4 Extension - signed 07-22-2025.pdf,PDF,444
Internal & Supplier Audits/SupplierAudits/23-01 Pathway/Audit 23-02 Supplier Audit Report - Pathway.pdf,Internal & Supplier Audits,Internal & Supplier Audits/SupplierAudits/23-01 Pathway,2,Audit 23-02 Supplier Audit Report - Pathway.pdf,PDF,352
Internal & Supplier Audits/SupplierAudits/23-01 Pathway/Certificate of Audit Form 23-02.pdf,Internal & Supplier Audits,Internal & Supplier Audits/SupplierAudits/23-01 Pathway,2,Certificate of Audit Form 23-02.pdf,PDF,215
"Internal & Supplier Audits/SupplierAudits/23-01 Pathway/Pathway Supplier Audit Plan and Agenda - Nov 28-29, 2023.pdf",Internal & Supplier Audits,Internal & Supplier Audits/SupplierAudits/23-01 Pathway,2,"Pathway Supplier Audit Plan and Agenda - Nov 28-29, 2023.pdf",PDF,1673
Internal & Supplier Audits/SupplierAudits/23-01 Pathway/Silq Audit 23-02 checklist.pdf,Internal & Supplier Audits,Internal & Supplier Audits/SupplierAudits/23-01 Pathway,2,Silq Audit 23-02 checklist.pdf,PDF,448
Management Review Meetings/MR2024/2024 Management Review Meeting Minutes 11Feb2025.pdf,Management Review Meetings,Management Review Meetings/MR2024,1,2024 Management Review Meeting Minutes 11Feb2025.pdf,PDF,2341
Management Review Meetings/MR2024/2024 Management Review Meeting Slides 11Feb2025.pdf,Management Review Meetings,Management Review Meetings/MR2024,1,2024 Management Review Meeting Slides 11Feb2025.pdf,PDF,713
Management Review Meetings/MR2025/2025 Management Review Meeting Minutes 16Mar2026.pdf,Management Review Meetings,Management Review Meetings/MR2025,1,2025 Management Review Meeting Minutes 16Mar2026.pdf,PDF,1113
Management Review Meetings/MR2025/2025 Management Review Meeting Slides 16Mar2026.pdf,Management Review Meetings,Management Review Meetings/MR2025,1,2025 Management Review Meeting Slides 16Mar2026.pdf,PDF,2536
QM Documents/QM.SLQ001 A Document Control SOP.DOCX,QM Documents,QM Documents,0,QM.SLQ001 A Document Control SOP.DOCX,Word,372
QM Documents/QM.SLQ002 B Good Documentation Practices SOP.docx,QM Documents,QM Documents,0,QM.SLQ002 B Good Documentation Practices SOP.docx,Word,823
QM Documents/QM.SLQ003 B Employee Training SOP.docx,QM Documents,QM Documents,0,QM.SLQ003 B Employee Training SOP.docx,Word,331
QM Documents/QM.SLQ004 B Design Control Program SOP.docx,QM Documents,QM Documents,0,QM.SLQ004 B Design Control Program SOP.docx,Word,479
QM Documents/QM.SLQ005 B Design Project Planning SOP.docx,QM Documents,QM Documents,0,QM.SLQ005 B Design Project Planning SOP.docx,Word,324
QM Documents/QM.SLQ006 A Design Input SOP.docx,QM Documents,QM Documents,0,QM.SLQ006 A Design Input SOP.docx,Word,254
QM Documents/QM.SLQ007 A Design Output SOP.docx,QM Documents,QM Documents,0,QM.SLQ007 A Design Output SOP.docx,Word,326
QM Documents/QM.SLQ008 A Design Review SOP.docx,QM Documents,QM Documents,0,QM.SLQ008 A Design Review SOP.docx,Word,324
QM Documents/QM.SLQ009 A Design VV SOP.docx,QM Documents,QM Documents,0,QM.SLQ009 A Design VV SOP.docx,Word,326
QM Documents/QM.SLQ010 A Design Transfer SOP.docx,QM Documents,QM Documents,0,QM.SLQ010 A Design Transfer SOP.docx,Word,323
QM Documents/QM.SLQ011 A Statistical Techniques WI.docx,QM Documents,QM Documents,0,QM.SLQ011 A Statistical Techniques WI.docx,Word,182
QM Documents/QM.SLQ012 B Risk Management SOP.docx,QM Documents,QM Documents,0,QM.SLQ012 B Risk Management SOP.docx,Word,457
QM Documents/QM.SLQ013 B Risk Analysis SOP.docx,QM Documents,QM Documents,0,QM.SLQ013 B Risk Analysis SOP.docx,Word,496
QM Documents/QM.SLQ014 B Electronic Doc System WI.docx,QM Documents,QM Documents,0,QM.SLQ014 B Electronic Doc System WI.docx,Word,6776
QM Documents/QM.SLQ015 B Supplier QA SOP.docx,QM Documents,QM Documents,0,QM.SLQ015 B Supplier QA SOP.docx,Word,325
QM Documents/QM.SLQ016 C CAPA SOP.docx,QM Documents,QM Documents,0,QM.SLQ016 C CAPA SOP.docx,Word,162
QM Documents/QM.SLQ017 A Internal Audits SOP.docx,QM Documents,QM Documents,0,QM.SLQ017 A Internal Audits SOP.docx,Word,158
QM Documents/QM.SLQ018 A Management Review SOP.DOCX,QM Documents,QM Documents,0,QM.SLQ018 A Management Review SOP.DOCX,Word,92
QM Documents/QM.SLQ019 C Identification and Traceability SOP.docx,QM Documents,QM Documents,0,QM.SLQ019 C Identification and Traceability SOP.docx,Word,94
QM Documents/QM.SLQ020 D Purchasing Controls SOP.docx,QM Documents,QM Documents,0,QM.SLQ020 D Purchasing Controls SOP.docx,Word,159
QM Documents/QM.SLQ021 D Product Complaint System SOP.docx,QM Documents,QM Documents,0,QM.SLQ021 D Product Complaint System SOP.docx,Word,160
QM Documents/QM.SLQ022 B Medical Device Reporting.docx,QM Documents,QM Documents,0,QM.SLQ022 B Medical Device Reporting.docx,Word,105
QM Documents/QM.SLQ023 A eMDR Submission Work Instruction.docx,QM Documents,QM Documents,0,QM.SLQ023 A eMDR Submission Work Instruction.docx,Word,1181
QM Documents/QM.SLQ025 A Quality Planning SOP.DOCX,QM Documents,QM Documents,0,QM.SLQ025 A Quality Planning SOP.DOCX,Word,90
QM Documents/QM.SLQ026 C Part Number Assignment WI.docx,QM Documents,QM Documents,0,QM.SLQ026 C Part Number Assignment WI.docx,Word,123
QM Documents/QM.SLQ027 E Quality Manual.docx,QM Documents,QM Documents,0,QM.SLQ027 E Quality Manual.docx,Word,186
QM Documents/QM.SLQ028 A Protection of Confidential Patient Information.DOCX,QM Documents,QM Documents,0,QM.SLQ028 A Protection of Confidential Patient Information.DOCX,Word,88
QM Documents/QM.SLQ029 A DHR Review and Approval SOP.docx,QM Documents,QM Documents,0,QM.SLQ029 A DHR Review and Approval SOP.docx,Word,153
QM Documents/QM.SLQ030 A Advisory Notices and Recalls SOP.docx,QM Documents,QM Documents,0,QM.SLQ030 A Advisory Notices and Recalls SOP.docx,Word,101
QM Documents/QM.SLQ032 A Software Validation SOP.docx,QM Documents,QM Documents,0,QM.SLQ032 A Software Validation SOP.docx,Word,92
QM Documents/QM.SLQ033 A Post-Market Surveillance SOP.docx,QM Documents,QM Documents,0,QM.SLQ033 A Post-Market Surveillance SOP.docx,Word,93
QM Documents/QM.SLQ034 G Organization Chart.docx,QM Documents,QM Documents,0,QM.SLQ034 G Organization Chart.docx,Word,154
QM Documents/QM.SLQ035 D Quality Policy .docx,QM Documents,QM Documents,0,QM.SLQ035 D Quality Policy .docx,Word,92
QM Documents/QM.SLQ036 E Sales Order SOP.docx,QM Documents,QM Documents,0,QM.SLQ036 E Sales Order SOP.docx,Word,2094
QM Documents/QM.SLQ037 A Quality Objectives.docx,QM Documents,QM Documents,0,QM.SLQ037 A Quality Objectives.docx,Word,87
QM Documents/QM.SLQ038 B Managing Regulatory Inspections.docx,QM Documents,QM Documents,0,QM.SLQ038 B Managing Regulatory Inspections.docx,Word,159
QM Documents/QM.SLQ039 B Receiving Inspection SOP.docx,QM Documents,QM Documents,0,QM.SLQ039 B Receiving Inspection SOP.docx,Word,106
QM Documents/QM.SLQ040 B Nonconforming Materials SOP.docx,QM Documents,QM Documents,0,QM.SLQ040 B Nonconforming Materials SOP.docx,Word,95
QM Documents/QM.SLQ043 A Work Order SOP.docx,QM Documents,QM Documents,0,QM.SLQ043 A Work Order SOP.docx,Word,154
QM Documents/QM.SLQ045 A Receiving SOP.docx,QM Documents,QM Documents,0,QM.SLQ045 A Receiving SOP.docx,Word,93
QM Documents/QM.SLQ046 A Shipping SOP.docx,QM Documents,QM Documents,0,QM.SLQ046 A Shipping SOP.docx,Word,156
QM Documents/QM.SLQ047 A Process Validation SOP.docx,QM Documents,QM Documents,0,QM.SLQ047 A Process Validation SOP.docx,Word,157
QM Documents/QM.SLQ048 A Device Master Record SOP.docx,QM Documents,QM Documents,0,QM.SLQ048 A Device Master Record SOP.docx,Word,153
QM Documents/QM.SLQ049 A Workstation Practices SOP.docx,QM Documents,QM Documents,0,QM.SLQ049 A Workstation Practices SOP.docx,Word,158
QM Documents/QM.SLQ050 A Calibration and Preventive Maintenance SOP.docx,QM Documents,QM Documents,0,QM.SLQ050 A Calibration and Preventive Maintenance SOP.docx,Word,163
QM Documents/QM.SLQ051 A Environmental Monitoring.docx,QM Documents,QM Documents,0,QM.SLQ051 A Environmental Monitoring.docx,Word,158
Quality Objectives & Plans/2025 Quality Objective Summary.pdf,Quality Objectives & Plans,Quality Objectives & Plans,0,2025 Quality Objective Summary.pdf,PDF,57
Quality Objectives & Plans/2026 Quality Objective Plan (MR Meeting Minutes).pdf,Quality Objectives & Plans,Quality Objectives & Plans,0,2026 Quality Objective Plan (MR Meeting Minutes).pdf,PDF,745
Quality Objectives & Plans/Silq 2026 Quality Plan.docx,Quality Objectives & Plans,Quality Objectives & Plans,0,Silq 2026 Quality Plan.docx,Word,264
Recieving Inspections/LotCRYLK/FM1-QM.SLQ039 - PO0000058 - CRYLK-UX.pdf,Recieving Inspections,Recieving Inspections/LotCRYLK,1,FM1-QM.SLQ039 - PO0000058 - CRYLK-UX.pdf,PDF,1636
Recieving Inspections/LotCRYLK/Z5503_CRYLK.pdf,Recieving Inspections,Recieving Inspections/LotCRYLK,1,Z5503_CRYLK.pdf,PDF,30
Recieving Inspections/LotLBSEE/80900242_PACKINGLIST.pdf,Recieving Inspections,Recieving Inspections/LotLBSEE,1,80900242_PACKINGLIST.pdf,PDF,8
Recieving Inspections/LotLBSEE/Memo to File - Receiving Inspection M-SLQ.001B Lot LBSEE.pdf,Recieving Inspections,Recieving Inspections/LotLBSEE,1,Memo to File - Receiving Inspection M-SLQ.001B Lot LBSEE.pdf,PDF,228
Recieving Inspections/LotLBSEE/Receiving Inspection M.SLQ001B - Lot LBSEE.pdf,Recieving Inspections,Recieving Inspections/LotLBSEE,1,Receiving Inspection M.SLQ001B - Lot LBSEE.pdf,PDF,1071
Recieving Inspections/LotLBSEE/Z5503-LBSEE COA.pdf,Recieving Inspections,Recieving Inspections/LotLBSEE,1,Z5503-LBSEE COA.pdf,PDF,33
Recieving Inspections/LotMY27B/FM1-QM.SLQ039 REC-INSP Concentrate MY27B-FO 11 FEB 2025.pdf,Recieving Inspections,Recieving Inspections/LotMY27B,1,FM1-QM.SLQ039 REC-INSP Concentrate MY27B-FO 11 FEB 2025.pdf,PDF,1676
Recieving Inspections/LotMY27B/Z5503_MY27B.pdf,Recieving Inspections,Recieving Inspections/LotMY27B,1,Z5503_MY27B.pdf,PDF,30
Risk Management Files/PS-0006 Rev H_signed.pdf,Risk Management Files,Risk Management Files,0,PS-0006 Rev H_signed.pdf,PDF,1091
Risk Management Files/RM-0018 Rev D Cover sheet.docx,Risk Management Files,Risk Management Files,0,RM-0018 Rev D Cover sheet.docx,Word,330
"Risk Management Files/RM-0018, Rev D_Risk Management Plan, SILQ Foley Catheter.docx",Risk Management Files,Risk Management Files,0,"RM-0018, Rev D_Risk Management Plan, SILQ Foley Catheter.docx",Word,138
Risk Management Files/RM-0019  Rev D Cover sheet.docx,Risk Management Files,Risk Management Files,0,RM-0019  Rev D Cover sheet.docx,Word,331
"Risk Management Files/RM-0019, Rev D_Hazard Analysis (HA) Risk Management Report, SILQ Foley Catheter.docx",Risk Management Files,Risk Management Files,0,"RM-0019, Rev D_Hazard Analysis (HA) Risk Management Report, SILQ Foley Catheter.docx",Word,128
Risk Management Files/RM-0020 Rev D Cover sheet.docx,Risk Management Files,Risk Management Files,0,RM-0020 Rev D Cover sheet.docx,Word,331
"Risk Management Files/RM-0020 Rev D_DFMEA Risk Management Report, HDX Foley Catheter.docx",Risk Management Files,Risk Management Files,0,"RM-0020 Rev D_DFMEA Risk Management Report, HDX Foley Catheter.docx",Word,121
Risk Management Files/RM-0021_F_SILQ PFMEA - signed 2024-05-16.pdf,Risk Management Files,Risk Management Files,0,RM-0021_F_SILQ PFMEA - signed 2024-05-16.pdf,PDF,739
"Risk Management Files/RM-0094, Rev A_Risk Management, Production & Post-Production Review, SILQ.pdf",Risk Management Files,Risk Management Files,0,"RM-0094, Rev A_Risk Management, Production & Post-Production Review, SILQ.pdf",PDF,444
"Risk Management Files/RM-0141_A_RMF Review, SILQ 2024 - signed 04-16-2025.pdf",Risk Management Files,Risk Management Files,0,"RM-0141_A_RMF Review, SILQ 2024 - signed 04-16-2025.pdf",PDF,611
"Risk Management Files/RM-0155_A_RMF Review, SILQ 2025.pdf",Risk Management Files,Risk Management Files,0,"RM-0155_A_RMF Review, SILQ 2025.pdf",PDF,547
SLQ-DHF/DHF File Index.pdf,SLQ-DHF,SLQ-DHF,0,DHF File Index.pdf,PDF,52
"SLQ-DHF/Project#00017, Phase 3 Design Review_2020-08-20.pdf",SLQ-DHF,SLQ-DHF,0,"Project#00017, Phase 3 Design Review_2020-08-20.pdf",PDF,6733
"SLQ-DHF/Project#00017, Phase 4 Design Review_2020-08-25.pdf",SLQ-DHF,SLQ-DHF,0,"Project#00017, Phase 4 Design Review_2020-08-25.pdf",PDF,12385
"SLQ-DHF/Project#00017, Phase 5 Design Review_2020-08-31.pdf",SLQ-DHF,SLQ-DHF,0,"Project#00017, Phase 5 Design Review_2020-08-31.pdf",PDF,1538
SLQ-DHF/Project#00017-Label Content Review_2020-08-25.pdf,SLQ-DHF,SLQ-DHF,0,Project#00017-Label Content Review_2020-08-25.pdf,PDF,9852
"SLQ-DHF/Project#00047, Design Review_2021-12-02 Docs.pdf",SLQ-DHF,SLQ-DHF,0,"Project#00047, Design Review_2021-12-02 Docs.pdf",PDF,29027
"SLQ-DHF/Project#00047, Design Review_2021-12-02 signed.pdf",SLQ-DHF,SLQ-DHF,0,"Project#00047, Design Review_2021-12-02 signed.pdf",PDF,276
SLQ-DHF/Project#00047-Design Change Assessment_2021-11-30 wFlowChart.pdf,SLQ-DHF,SLQ-DHF,0,Project#00047-Design Change Assessment_2021-11-30 wFlowChart.pdf,PDF,400
SLQ-DHF/Project#00047-LabelContentReview_2021-12-01.pdf,SLQ-DHF,SLQ-DHF,0,Project#00047-LabelContentReview_2021-12-01.pdf,PDF,5487
"SLQ-DHF/Project#00049, Design Review_2022-03-11 wDocs.pdf",SLQ-DHF,SLQ-DHF,0,"Project#00049, Design Review_2022-03-11 wDocs.pdf",PDF,14005
"SLQ-DHF/Project#00049, Design Review_2022-03-11.pdf",SLQ-DHF,SLQ-DHF,0,"Project#00049, Design Review_2022-03-11.pdf",PDF,275
SLQ-DHF/Project#00049-Design Change Assessment_2022-03-01.pdf,SLQ-DHF,SLQ-DHF,0,Project#00049-Design Change Assessment_2022-03-01.pdf,PDF,421
SLQ-DHF/Project#00053 Design Review Form Signatures for SILQ SPT 2023-05-26.pdf,SLQ-DHF,SLQ-DHF,0,Project#00053 Design Review Form Signatures for SILQ SPT 2023-05-26.pdf,PDF,306
"SLQ-DHF/Project#00053, Design Review_2023-05-26 Attachments.pdf",SLQ-DHF,SLQ-DHF,0,"Project#00053, Design Review_2023-05-26 Attachments.pdf",PDF,8309
SLQ-DHF/Project#00053-Design Change Assessment_2023-05-11.pdf,SLQ-DHF,SLQ-DHF,0,Project#00053-Design Change Assessment_2023-05-11.pdf,PDF,392
SLQ-DHF/Project#00056-Design Change Assessment_2023-05-04.pdf,SLQ-DHF,SLQ-DHF,0,Project#00056-Design Change Assessment_2023-05-04.pdf,PDF,156
SLQ-DHF/Project-00017-Phase1_DesignReview_20190712.pdf,SLQ-DHF,SLQ-DHF,0,Project-00017-Phase1_DesignReview_20190712.pdf,PDF,838
SLQ-DHF/Project-00017-Phase2_DesignReview_20190725.pdf,SLQ-DHF,SLQ-DHF,0,Project-00017-Phase2_DesignReview_20190725.pdf,PDF,955
SLQ-DHF/SILQ SPT Product Label Content Review 2023-05-11.pdf,SLQ-DHF,SLQ-DHF,0,SILQ SPT Product Label Content Review 2023-05-11.pdf,PDF,5342
"SLQ-DHF/TR-SLQ-0015_B - Test Report, DV Testing, SILQ ClearTract Foley Catheter - signed 2024-05-01.pdf",SLQ-DHF,SLQ-DHF,0,"TR-SLQ-0015_B - Test Report, DV Testing, SILQ ClearTract Foley Catheter - signed 2024-05-01.pdf",PDF,737
Suppliers/BioMDg/Cat II Supplier Assessment - Bryan Wong v2.pdf,Suppliers,Suppliers/BioMDg,1,Cat II Supplier Assessment - Bryan Wong v2.pdf,PDF,368
Suppliers/BioMDg/Cat II Supplier Assessment - Octavio Cruz-Uribe.pdf,Suppliers,Suppliers/BioMDg,1,Cat II Supplier Assessment - Octavio Cruz-Uribe.pdf,PDF,444
Suppliers/BioMDg/Supplier Assessment Form - Diana.pdf,Suppliers,Suppliers/BioMDg,1,Supplier Assessment Form - Diana.pdf,PDF,1479
Suppliers/BioMDg/Supplier Assessment Form - Sigi.pdf,Suppliers,Suppliers/BioMDg,1,Supplier Assessment Form - Sigi.pdf,PDF,1500
Suppliers/DevineGuidance/DevineGuidance.pdf,Suppliers,Suppliers/DevineGuidance,1,DevineGuidance.pdf,PDF,3730
Suppliers/FireFlySci/FireflySci Canada ISO-17025 Certificate (1).pdf,Suppliers,Suppliers/FireFlySci,1,FireflySci Canada ISO-17025 Certificate (1).pdf,PDF,478
Suppliers/FireFlySci/FireflySci Canada ISO-17025 Certificate.pdf,Suppliers,Suppliers/FireFlySci,1,FireflySci Canada ISO-17025 Certificate.pdf,PDF,79
Suppliers/FireFlySci/FireFlySci Supplier ReEvaluation Form 2025.pdf,Suppliers,Suppliers/FireFlySci,1,FireFlySci Supplier ReEvaluation Form 2025.pdf,PDF,381
Suppliers/FireFlySci/Supplier Assessment Survey - FireflySci (signed).pdf,Suppliers,Suppliers/FireFlySci,1,Supplier Assessment Survey - FireflySci (signed).pdf,PDF,539
Suppliers/MedReg/MedReg Associates Inc. Supplier Assessment Form (Cat II)[40].pdf,Suppliers,Suppliers/MedReg,1,MedReg Associates Inc. Supplier Assessment Form (Cat II)[40].pdf,PDF,404
Suppliers/MedReg/MedReg.pdf,Suppliers,Suppliers/MedReg,1,MedReg.pdf,PDF,323
Suppliers/MedReg/S Page Auditor Qualification Record (FM5-QM.SLQ017).pdf,Suppliers,Suppliers/MedReg,1,S Page Auditor Qualification Record (FM5-QM.SLQ017).pdf,PDF,592
Suppliers/MedReg/SPage Y2025 CV.pdf,Suppliers,Suppliers/MedReg,1,SPage Y2025 CV.pdf,PDF,112
Suppliers/RichmanChemical/Adesis ISO9001_Certificate_exp 01Apr2027.pdf,Suppliers,Suppliers/RichmanChemical,1,Adesis ISO9001_Certificate_exp 01Apr2027.pdf,PDF,491
Suppliers/RichmanChemical/Richman Chemical Supplier ReEvaluation Form 2023.pdf,Suppliers,Suppliers/RichmanChemical,1,Richman Chemical Supplier ReEvaluation Form 2023.pdf,PDF,298
Suppliers/RichmanChemical/Richman Chemical Supplier ReEvaluation Form 2024.pdf,Suppliers,Suppliers/RichmanChemical,1,Richman Chemical Supplier ReEvaluation Form 2024.pdf,PDF,203
Suppliers/RichmanChemical/Richman Chemical Supplier ReEvaluation Form 2025.pdf,Suppliers,Suppliers/RichmanChemical,1,Richman Chemical Supplier ReEvaluation Form 2025.pdf,PDF,306
"Suppliers/RichmanChemical/Supplier Self-assessment Survey, Richman Chemical - signed.pdf",Suppliers,Suppliers/RichmanChemical,1,"Supplier Self-assessment Survey, Richman Chemical - signed.pdf",PDF,344
Suppliers/SILQ Approved Supplier List 13 Mar 2026.pdf,Suppliers,Suppliers,0,SILQ Approved Supplier List 13 Mar 2026.pdf,PDF,532
Suppliers/Steripax/QF-OP-40003 (SteriPax Organizational Chart) 07-12-2023 - FOR SURVEY USE.pdf,Suppliers,Suppliers/Steripax,1,QF-OP-40003 (SteriPax Organizational Chart) 07-12-2023 - FOR SURVEY USE.pdf,PDF,108
Suppliers/Steripax/QF-QA-40053 (Business System Manual Table of Contents).pdf,Suppliers,Suppliers/Steripax,1,QF-QA-40053 (Business System Manual Table of Contents).pdf,PDF,157
Suppliers/Steripax/Steripax 2022-2025 ISO 9001-2015 Certificate.pdf,Suppliers,Suppliers/Steripax,1,Steripax 2022-2025 ISO 9001-2015 Certificate.pdf,PDF,175
Suppliers/Steripax/Steripax ISO_9001-2015_exp2028-11-12.pdf,Suppliers,Suppliers/Steripax,1,Steripax ISO_9001-2015_exp2028-11-12.pdf,PDF,102
Suppliers/Steripax/Steripax Supplier ReEvaluation Form 2024.pdf,Suppliers,Suppliers/Steripax,1,Steripax Supplier ReEvaluation Form 2024.pdf,PDF,203
Suppliers/Steripax/Steripax Supplier ReEvaluation Form 2025.pdf,Suppliers,Suppliers/Steripax,1,Steripax Supplier ReEvaluation Form 2025.pdf,PDF,271
Suppliers/Steripax/Suppler Assessment Survey - Steripax.pdf,Suppliers,Suppliers/Steripax,1,Suppler Assessment Survey - Steripax.pdf,PDF,560
Suppliers/TokyoChemicalIndustry/Supplier Assessment Survey - Tokyo Chemical Industry (TCI) Signed.pdf,Suppliers,Suppliers/TokyoChemicalIndustry,1,Supplier Assessment Survey - Tokyo Chemical Industry (TCI) Signed.pdf,PDF,614
Suppliers/TokyoChemicalIndustry/TCIA ISO 14001 Certificate (Expires 09_2028).pdf,Suppliers,Suppliers/TokyoChemicalIndustry,1,TCIA ISO 14001 Certificate (Expires 09_2028).pdf,PDF,430
Suppliers/TokyoChemicalIndustry/TCIA ISO 9001 Certificate (Expires 09_2028).pdf,Suppliers,Suppliers/TokyoChemicalIndustry,1,TCIA ISO 9001 Certificate (Expires 09_2028).pdf,PDF,430
Suppliers/TokyoChemicalIndustry/Tokyo Chemcial Industry (TCI America) Supplier Re-Evaluation 2021 signed.pdf,Suppliers,Suppliers/TokyoChemicalIndustry,1,Tokyo Chemcial Industry (TCI America) Supplier Re-Evaluation 2021 signed.pdf,PDF,252
Suppliers/TokyoChemicalIndustry/Tokyo Chemcial Industry (TCI America) Supplier Re-Evaluation 2022 signed.pdf,Suppliers,Suppliers/TokyoChemicalIndustry,1,Tokyo Chemcial Industry (TCI America) Supplier Re-Evaluation 2022 signed.pdf,PDF,198
Suppliers/TokyoChemicalIndustry/Tokyo Chemcial Industry (TCI America) Supplier Re-Evaluation 2023.pdf,Suppliers,Suppliers/TokyoChemicalIndustry,1,Tokyo Chemcial Industry (TCI America) Supplier Re-Evaluation 2023.pdf,PDF,200
Suppliers/TokyoChemicalIndustry/Tokyo Chemcial Industry (TCI America) Supplier Re-Evaluation 2024.pdf,Suppliers,Suppliers/TokyoChemicalIndustry,1,Tokyo Chemcial Industry (TCI America) Supplier Re-Evaluation 2024.pdf,PDF,212
Suppliers/TokyoChemicalIndustry/Tokyo Chemcial Industry (TCI America) Supplier Re-Evaluation 2025.pdf,Suppliers,Suppliers/TokyoChemicalIndustry,1,Tokyo Chemcial Industry (TCI America) Supplier Re-Evaluation 2025.pdf,PDF,461
